--
-- PostgreSQL database dump
--

\restrict 9qdWu9X87N1NGoT6zoxTcd1AMfT8e7t3yBdFwnnQJQAkGfU5PeEU1lwhvKDCZcB

-- Dumped from database version 14.22 (Ubuntu 14.22-0ubuntu0.22.04.1)
-- Dumped by pg_dump version 14.22 (Ubuntu 14.22-0ubuntu0.22.04.1)

SET statement_timeout = 0;
SET lock_timeout = 0;
SET idle_in_transaction_session_timeout = 0;
SET client_encoding = 'UTF8';
SET standard_conforming_strings = on;
SELECT pg_catalog.set_config('search_path', '', false);
SET check_function_bodies = false;
SET xmloption = content;
SET client_min_messages = warning;
SET row_security = off;

SET default_tablespace = '';

SET default_table_access_method = heap;

--
-- Name: auth_group; Type: TABLE; Schema: public; Owner: smart_user
--

CREATE TABLE public.auth_group (
    id integer NOT NULL,
    name character varying(150) NOT NULL
);


ALTER TABLE public.auth_group OWNER TO smart_user;

--
-- Name: auth_group_id_seq; Type: SEQUENCE; Schema: public; Owner: smart_user
--

ALTER TABLE public.auth_group ALTER COLUMN id ADD GENERATED BY DEFAULT AS IDENTITY (
    SEQUENCE NAME public.auth_group_id_seq
    START WITH 1
    INCREMENT BY 1
    NO MINVALUE
    NO MAXVALUE
    CACHE 1
);


--
-- Name: auth_group_permissions; Type: TABLE; Schema: public; Owner: smart_user
--

CREATE TABLE public.auth_group_permissions (
    id integer NOT NULL,
    group_id integer NOT NULL,
    permission_id integer NOT NULL
);


ALTER TABLE public.auth_group_permissions OWNER TO smart_user;

--
-- Name: auth_group_permissions_id_seq; Type: SEQUENCE; Schema: public; Owner: smart_user
--

ALTER TABLE public.auth_group_permissions ALTER COLUMN id ADD GENERATED BY DEFAULT AS IDENTITY (
    SEQUENCE NAME public.auth_group_permissions_id_seq
    START WITH 1
    INCREMENT BY 1
    NO MINVALUE
    NO MAXVALUE
    CACHE 1
);


--
-- Name: auth_permission; Type: TABLE; Schema: public; Owner: smart_user
--

CREATE TABLE public.auth_permission (
    id integer NOT NULL,
    name character varying(255) NOT NULL,
    content_type_id integer NOT NULL,
    codename character varying(100) NOT NULL
);


ALTER TABLE public.auth_permission OWNER TO smart_user;

--
-- Name: auth_permission_id_seq; Type: SEQUENCE; Schema: public; Owner: smart_user
--

ALTER TABLE public.auth_permission ALTER COLUMN id ADD GENERATED BY DEFAULT AS IDENTITY (
    SEQUENCE NAME public.auth_permission_id_seq
    START WITH 1
    INCREMENT BY 1
    NO MINVALUE
    NO MAXVALUE
    CACHE 1
);


--
-- Name: auth_user; Type: TABLE; Schema: public; Owner: smart_user
--

CREATE TABLE public.auth_user (
    id integer NOT NULL,
    password character varying(128) NOT NULL,
    last_login timestamp with time zone,
    is_superuser boolean NOT NULL,
    username character varying(150) NOT NULL,
    first_name character varying(150) NOT NULL,
    last_name character varying(150) NOT NULL,
    email character varying(254) NOT NULL,
    is_staff boolean NOT NULL,
    is_active boolean NOT NULL,
    date_joined timestamp with time zone NOT NULL
);


ALTER TABLE public.auth_user OWNER TO smart_user;

--
-- Name: auth_user_groups; Type: TABLE; Schema: public; Owner: smart_user
--

CREATE TABLE public.auth_user_groups (
    id integer NOT NULL,
    user_id integer NOT NULL,
    group_id integer NOT NULL
);


ALTER TABLE public.auth_user_groups OWNER TO smart_user;

--
-- Name: auth_user_groups_id_seq; Type: SEQUENCE; Schema: public; Owner: smart_user
--

ALTER TABLE public.auth_user_groups ALTER COLUMN id ADD GENERATED BY DEFAULT AS IDENTITY (
    SEQUENCE NAME public.auth_user_groups_id_seq
    START WITH 1
    INCREMENT BY 1
    NO MINVALUE
    NO MAXVALUE
    CACHE 1
);


--
-- Name: auth_user_id_seq; Type: SEQUENCE; Schema: public; Owner: smart_user
--

ALTER TABLE public.auth_user ALTER COLUMN id ADD GENERATED BY DEFAULT AS IDENTITY (
    SEQUENCE NAME public.auth_user_id_seq
    START WITH 1
    INCREMENT BY 1
    NO MINVALUE
    NO MAXVALUE
    CACHE 1
);


--
-- Name: auth_user_user_permissions; Type: TABLE; Schema: public; Owner: smart_user
--

CREATE TABLE public.auth_user_user_permissions (
    id integer NOT NULL,
    user_id integer NOT NULL,
    permission_id integer NOT NULL
);


ALTER TABLE public.auth_user_user_permissions OWNER TO smart_user;

--
-- Name: auth_user_user_permissions_id_seq; Type: SEQUENCE; Schema: public; Owner: smart_user
--

ALTER TABLE public.auth_user_user_permissions ALTER COLUMN id ADD GENERATED BY DEFAULT AS IDENTITY (
    SEQUENCE NAME public.auth_user_user_permissions_id_seq
    START WITH 1
    INCREMENT BY 1
    NO MINVALUE
    NO MAXVALUE
    CACHE 1
);


--
-- Name: django_admin_log; Type: TABLE; Schema: public; Owner: smart_user
--

CREATE TABLE public.django_admin_log (
    id integer NOT NULL,
    action_time timestamp with time zone NOT NULL,
    object_id text,
    object_repr character varying(200) NOT NULL,
    action_flag smallint NOT NULL,
    change_message text NOT NULL,
    content_type_id integer,
    user_id integer NOT NULL,
    CONSTRAINT django_admin_log_action_flag_check CHECK ((action_flag >= 0))
);


ALTER TABLE public.django_admin_log OWNER TO smart_user;

--
-- Name: django_admin_log_id_seq; Type: SEQUENCE; Schema: public; Owner: smart_user
--

ALTER TABLE public.django_admin_log ALTER COLUMN id ADD GENERATED BY DEFAULT AS IDENTITY (
    SEQUENCE NAME public.django_admin_log_id_seq
    START WITH 1
    INCREMENT BY 1
    NO MINVALUE
    NO MAXVALUE
    CACHE 1
);


--
-- Name: django_content_type; Type: TABLE; Schema: public; Owner: smart_user
--

CREATE TABLE public.django_content_type (
    id integer NOT NULL,
    app_label character varying(100) NOT NULL,
    model character varying(100) NOT NULL
);


ALTER TABLE public.django_content_type OWNER TO smart_user;

--
-- Name: django_content_type_id_seq; Type: SEQUENCE; Schema: public; Owner: smart_user
--

ALTER TABLE public.django_content_type ALTER COLUMN id ADD GENERATED BY DEFAULT AS IDENTITY (
    SEQUENCE NAME public.django_content_type_id_seq
    START WITH 1
    INCREMENT BY 1
    NO MINVALUE
    NO MAXVALUE
    CACHE 1
);


--
-- Name: django_migrations; Type: TABLE; Schema: public; Owner: smart_user
--

CREATE TABLE public.django_migrations (
    id integer NOT NULL,
    app character varying(255) NOT NULL,
    name character varying(255) NOT NULL,
    applied timestamp with time zone NOT NULL
);


ALTER TABLE public.django_migrations OWNER TO smart_user;

--
-- Name: django_migrations_id_seq; Type: SEQUENCE; Schema: public; Owner: smart_user
--

ALTER TABLE public.django_migrations ALTER COLUMN id ADD GENERATED BY DEFAULT AS IDENTITY (
    SEQUENCE NAME public.django_migrations_id_seq
    START WITH 1
    INCREMENT BY 1
    NO MINVALUE
    NO MAXVALUE
    CACHE 1
);


--
-- Name: django_session; Type: TABLE; Schema: public; Owner: smart_user
--

CREATE TABLE public.django_session (
    session_key character varying(40) NOT NULL,
    session_data text NOT NULL,
    expire_date timestamp with time zone NOT NULL
);


ALTER TABLE public.django_session OWNER TO smart_user;

--
-- Name: parking_camera; Type: TABLE; Schema: public; Owner: smart_user
--

CREATE TABLE public.parking_camera (
    id integer NOT NULL,
    camera_id character varying(50) NOT NULL,
    zone_name character varying(100) NOT NULL,
    "row" integer NOT NULL,
    col integer NOT NULL,
    CONSTRAINT parking_camera_col_check CHECK ((col >= 0)),
    CONSTRAINT parking_camera_row_check CHECK (("row" >= 0))
);


ALTER TABLE public.parking_camera OWNER TO smart_user;

--
-- Name: parking_camera_id_seq; Type: SEQUENCE; Schema: public; Owner: smart_user
--

ALTER TABLE public.parking_camera ALTER COLUMN id ADD GENERATED BY DEFAULT AS IDENTITY (
    SEQUENCE NAME public.parking_camera_id_seq
    START WITH 1
    INCREMENT BY 1
    NO MINVALUE
    NO MAXVALUE
    CACHE 1
);


--
-- Name: parking_parkingslot; Type: TABLE; Schema: public; Owner: smart_user
--

CREATE TABLE public.parking_parkingslot (
    id integer NOT NULL,
    slot_number character varying(10) NOT NULL,
    status character varying(20) NOT NULL,
    slot_type character varying(20) NOT NULL,
    latitude double precision,
    longitude double precision,
    floor integer NOT NULL,
    "row" integer NOT NULL,
    col integer NOT NULL,
    camera_id integer,
    CONSTRAINT parking_parkingslot_col_check CHECK ((col >= 0)),
    CONSTRAINT parking_parkingslot_row_check CHECK (("row" >= 0))
);


ALTER TABLE public.parking_parkingslot OWNER TO smart_user;

--
-- Name: parking_parkingslot_id_seq; Type: SEQUENCE; Schema: public; Owner: smart_user
--

ALTER TABLE public.parking_parkingslot ALTER COLUMN id ADD GENERATED BY DEFAULT AS IDENTITY (
    SEQUENCE NAME public.parking_parkingslot_id_seq
    START WITH 1
    INCREMENT BY 1
    NO MINVALUE
    NO MAXVALUE
    CACHE 1
);


--
-- Name: parking_reservation; Type: TABLE; Schema: public; Owner: smart_user
--

CREATE TABLE public.parking_reservation (
    id integer NOT NULL,
    license_plate character varying(20) NOT NULL,
    reservation_code character varying(10) NOT NULL,
    start_time timestamp with time zone NOT NULL,
    end_time timestamp with time zone NOT NULL,
    created_at timestamp with time zone NOT NULL,
    is_active boolean NOT NULL,
    slot_id integer NOT NULL,
    user_id integer NOT NULL
);


ALTER TABLE public.parking_reservation OWNER TO smart_user;

--
-- Name: parking_reservation_id_seq; Type: SEQUENCE; Schema: public; Owner: smart_user
--

ALTER TABLE public.parking_reservation ALTER COLUMN id ADD GENERATED BY DEFAULT AS IDENTITY (
    SEQUENCE NAME public.parking_reservation_id_seq
    START WITH 1
    INCREMENT BY 1
    NO MINVALUE
    NO MAXVALUE
    CACHE 1
);


--
-- Name: parking_vehiclelog; Type: TABLE; Schema: public; Owner: smart_user
--

CREATE TABLE public.parking_vehiclelog (
    id integer NOT NULL,
    license_plate character varying(20) NOT NULL,
    entry_image character varying(100) NOT NULL,
    exit_image character varying(100),
    entry_time timestamp with time zone NOT NULL,
    exit_time timestamp with time zone,
    total_fee numeric(8,2) NOT NULL,
    is_paid boolean NOT NULL,
    car_embedding jsonb,
    car_color character varying(30),
    is_inside boolean NOT NULL,
    status character varying(10) NOT NULL,
    last_seen timestamp with time zone NOT NULL,
    last_camera_id integer,
    slot_id integer
);


ALTER TABLE public.parking_vehiclelog OWNER TO smart_user;

--
-- Name: parking_vehiclelog_id_seq; Type: SEQUENCE; Schema: public; Owner: smart_user
--

ALTER TABLE public.parking_vehiclelog ALTER COLUMN id ADD GENERATED BY DEFAULT AS IDENTITY (
    SEQUENCE NAME public.parking_vehiclelog_id_seq
    START WITH 1
    INCREMENT BY 1
    NO MINVALUE
    NO MAXVALUE
    CACHE 1
);


--
-- Data for Name: auth_group; Type: TABLE DATA; Schema: public; Owner: smart_user
--

COPY public.auth_group (id, name) FROM stdin;
\.


--
-- Data for Name: auth_group_permissions; Type: TABLE DATA; Schema: public; Owner: smart_user
--

COPY public.auth_group_permissions (id, group_id, permission_id) FROM stdin;
\.


--
-- Data for Name: auth_permission; Type: TABLE DATA; Schema: public; Owner: smart_user
--

COPY public.auth_permission (id, name, content_type_id, codename) FROM stdin;
1	Can add log entry	1	add_logentry
2	Can change log entry	1	change_logentry
3	Can delete log entry	1	delete_logentry
4	Can view log entry	1	view_logentry
5	Can add permission	2	add_permission
6	Can change permission	2	change_permission
7	Can delete permission	2	delete_permission
8	Can view permission	2	view_permission
9	Can add group	3	add_group
10	Can change group	3	change_group
11	Can delete group	3	delete_group
12	Can view group	3	view_group
13	Can add user	4	add_user
14	Can change user	4	change_user
15	Can delete user	4	delete_user
16	Can view user	4	view_user
17	Can add content type	5	add_contenttype
18	Can change content type	5	change_contenttype
19	Can delete content type	5	delete_contenttype
20	Can view content type	5	view_contenttype
21	Can add vehicle log	6	add_vehiclelog
22	Can change vehicle log	6	change_vehiclelog
23	Can delete vehicle log	6	delete_vehiclelog
24	Can view vehicle log	6	view_vehiclelog
25	Can add camera	7	add_camera
26	Can change camera	7	change_camera
27	Can delete camera	7	delete_camera
28	Can view camera	7	view_camera
29	Can add parking slot	8	add_parkingslot
30	Can change parking slot	8	change_parkingslot
31	Can delete parking slot	8	delete_parkingslot
32	Can view parking slot	8	view_parkingslot
33	Can add reservation	9	add_reservation
34	Can change reservation	9	change_reservation
35	Can delete reservation	9	delete_reservation
36	Can view reservation	9	view_reservation
37	Can add session	10	add_session
38	Can change session	10	change_session
39	Can delete session	10	delete_session
40	Can view session	10	view_session
\.


--
-- Data for Name: auth_user; Type: TABLE DATA; Schema: public; Owner: smart_user
--

COPY public.auth_user (id, password, last_login, is_superuser, username, first_name, last_name, email, is_staff, is_active, date_joined) FROM stdin;
2	pbkdf2_sha256$1000000$w6zO5FGjHYE00mObGvZXZy$2hNe+w/6w/mXOHxqJK48gB5FQS8BrZaeqKPN3I3BL6A=	2026-05-11 14:40:10.881057+00	t	aymanOmar	Ayman	Omar	aymanomar@gmail.com	t	t	2026-05-09 16:38:52.740427+00
1	pbkdf2_sha256$1000000$uq0CkyBdBXlJXnlUsRnpFy$WvMOLdWiZk1l1itytPZ44sCjKLX4NQ+0z8Va7aBelGI=	2026-05-14 18:31:05.572387+00	t	ayad				t	t	2026-05-07 23:00:24.645995+00
\.


--
-- Data for Name: auth_user_groups; Type: TABLE DATA; Schema: public; Owner: smart_user
--

COPY public.auth_user_groups (id, user_id, group_id) FROM stdin;
\.


--
-- Data for Name: auth_user_user_permissions; Type: TABLE DATA; Schema: public; Owner: smart_user
--

COPY public.auth_user_user_permissions (id, user_id, permission_id) FROM stdin;
\.


--
-- Data for Name: django_admin_log; Type: TABLE DATA; Schema: public; Owner: smart_user
--

COPY public.django_admin_log (id, action_time, object_id, object_repr, action_flag, change_message, content_type_id, user_id) FROM stdin;
1	2026-05-08 09:10:04.637408+00	13	MATCH-ME - 2026-05-08 08:52	3		6	1
2	2026-05-08 09:10:04.637441+00	12	RED-CAR - 2026-05-08 08:52	3		6	1
3	2026-05-08 09:10:04.637455+00	10	CRASH-TEST - 2026-05-08 08:52	3		6	1
4	2026-05-08 09:10:04.637479+00	11	OLD-CAR - 2026-05-08 08:42	3		6	1
5	2026-05-08 11:32:29.313212+00	39	لن٥٦٣٢ - 2026-05-08 10:29	3		6	1
6	2026-05-08 11:32:29.313302+00	38	وى٨٧٣أ - 2026-05-08 10:28	3		6	1
7	2026-05-08 11:32:29.313318+00	37	سأو٥٢١ - 2026-05-08 10:28	3		6	1
8	2026-05-08 11:32:29.313329+00	36	طق١٧٢ - 2026-05-08 10:28	3		6	1
9	2026-05-08 11:32:29.31334+00	35	دقد٥٤٥١ - 2026-05-08 10:20	3		6	1
10	2026-05-08 11:32:29.313351+00	34	ر٥٦٥٤ - 2026-05-08 10:18	3		6	1
11	2026-05-08 11:32:29.313363+00	33	لن٣٦٢٧٦ - 2026-05-08 10:18	3		6	1
12	2026-05-08 11:32:29.313374+00	32	عجط٧١أ - 2026-05-08 10:17	3		6	1
13	2026-05-08 11:32:29.313384+00	31	NONE - 2026-05-08 10:17	3		6	1
14	2026-05-08 11:32:29.313394+00	30	سب٧٩٥ - 2026-05-08 10:17	3		6	1
15	2026-05-08 11:32:29.313404+00	29	لن٥٦٣٢٦ - 2026-05-08 10:17	3		6	1
16	2026-05-08 11:32:29.313414+00	28	نطل٩٤٢ - 2026-05-08 10:17	3		6	1
17	2026-05-08 11:32:29.313424+00	27	وى٨٧٣٦ - 2026-05-08 10:16	3		6	1
18	2026-05-08 11:32:29.313433+00	26	سأ٥٦١ - 2026-05-08 10:16	3		6	1
19	2026-05-08 11:32:29.313443+00	25	طفق١٧٦ - 2026-05-08 10:15	3		6	1
20	2026-05-08 11:32:29.313453+00	24	رف٥٦٥٤ - 2026-05-08 09:58	3		6	1
21	2026-05-08 11:32:29.313463+00	23	لن٣٢٧٣ - 2026-05-08 09:58	3		6	1
22	2026-05-08 11:32:29.313472+00	22	نن٢٩٥٩ - 2026-05-08 09:58	3		6	1
23	2026-05-08 11:32:29.313482+00	21	عجط٦٧٩ - 2026-05-08 09:58	3		6	1
24	2026-05-08 11:32:29.313492+00	20	قىھ١٩٨أ٦ - 2026-05-08 09:58	3		6	1
25	2026-05-08 11:32:29.313502+00	19	سبفق٧٩٥ - 2026-05-08 09:57	3		6	1
26	2026-05-08 11:32:29.313511+00	18	ن٥٦٣٢٦ - 2026-05-08 09:57	3		6	1
27	2026-05-08 11:32:29.313626+00	17	نطل٩٤٦٢ - 2026-05-08 09:57	3		6	1
28	2026-05-08 11:32:29.313641+00	16	وى٨٧٦٣أ - 2026-05-08 09:56	3		6	1
29	2026-05-08 11:32:29.313654+00	15	بأو٥٢١ - 2026-05-08 09:56	3		6	1
30	2026-05-08 11:32:29.313686+00	14	طق١٧٦٩ - 2026-05-08 09:56	3		6	1
31	2026-05-08 11:47:59.891377+00	55	ىجأ٢٤٦٨ - 2026-05-08 11:42	3		6	1
32	2026-05-08 11:47:59.891433+00	54	ىأج٩٨٥٢ - 2026-05-08 11:42	3		6	1
33	2026-05-08 11:47:59.891448+00	53	قدب٦ - 2026-05-08 11:41	3		6	1
34	2026-05-08 11:47:59.89146+00	52	رد٩٨٥٣ - 2026-05-08 11:41	3		6	1
35	2026-05-08 11:47:59.891471+00	51	دقد٥٤٥١ - 2026-05-08 11:41	3		6	1
36	2026-05-08 11:47:59.891483+00	50	ر٥٦٥٤ - 2026-05-08 11:38	3		6	1
37	2026-05-08 11:47:59.891494+00	49	لن٣٢٧٣ - 2026-05-08 11:38	3		6	1
38	2026-05-08 11:47:59.891505+00	48	نن٢٩٥٩ - 2026-05-08 11:38	3		6	1
39	2026-05-08 11:47:59.891516+00	47	عجطأ٢٧١٩ - 2026-05-08 11:38	3		6	1
40	2026-05-08 11:47:59.891527+00	46	جھ٩٦ - 2026-05-08 11:37	3		6	1
41	2026-05-08 11:47:59.891538+00	45	سبفق٧٩٥٥ - 2026-05-08 11:37	3		6	1
42	2026-05-08 11:47:59.891548+00	44	لب٥٣٦٣٢ - 2026-05-08 11:37	3		6	1
43	2026-05-08 11:47:59.89156+00	43	نطل٩٤٦٢ - 2026-05-08 11:37	3		6	1
44	2026-05-08 11:47:59.891571+00	42	وى٨٧٣٦ - 2026-05-08 11:36	3		6	1
45	2026-05-08 11:47:59.891582+00	41	سأو٥ - 2026-05-08 11:36	3		6	1
46	2026-05-08 11:47:59.891593+00	40	فففطق١٧٢٦٩ - 2026-05-08 11:36	3		6	1
47	2026-05-08 18:49:42.187421+00	1	Res 55e for ayad	1	[{"added": {}}]	9	1
48	2026-05-09 16:41:05.342844+00	100	Slot A50 - available (Row 1, Col 1)	1	[{"added": {}}]	8	2
49	2026-05-11 10:06:43.679396+00	65	لن٣٢٧٣ - 2026-05-08 11:51	2	[{"changed": {"fields": ["Last camera"]}}]	6	1
50	2026-05-11 20:11:59.350666+00	72	OMAR-123 - 2026-05-11 20:11	1	[{"added": {}}]	6	1
51	2026-05-11 20:17:48.20932+00	72	OMAR-123 - 2026-05-11 20:11	2	[{"changed": {"fields": ["Status"]}}]	6	1
52	2026-05-11 20:22:18.417629+00	72	OMAR-123 - 2026-05-11 20:11	2	[{"changed": {"fields": ["Last camera"]}}]	6	1
53	2026-05-11 20:23:03.172397+00	72	OMAR-123 - 2026-05-11 20:11	2	[{"changed": {"fields": ["Last camera"]}}]	6	1
54	2026-05-11 20:23:40.78333+00	72	OMAR-123 - 2026-05-11 20:11	2	[{"changed": {"fields": ["Last camera"]}}]	6	1
55	2026-05-11 20:26:09.191022+00	72	OMAR-123 - 2026-05-11 20:11	2	[{"changed": {"fields": ["Last camera"]}}]	6	1
56	2026-05-11 20:28:35.120404+00	72	OMAR-123 - 2026-05-11 20:11	2	[{"changed": {"fields": ["Car embedding"]}}]	6	1
57	2026-05-11 20:31:19.034086+00	72	OMAR-123 - 2026-05-11 20:11	2	[{"changed": {"fields": ["Last camera"]}}]	6	1
58	2026-05-12 19:07:59.00542+00	72	AYAD-123 - 2026-05-11 20:11	2	[{"changed": {"fields": ["License plate"]}}]	6	1
59	2026-05-12 19:22:37.085563+00	78	ھ٦ - 2026-05-12 19:22	3		6	1
60	2026-05-12 19:22:37.085602+00	77	٧٩٥ - 2026-05-12 19:21	3		6	1
61	2026-05-12 19:22:37.085616+00	76	لن٥٦٣٢ - 2026-05-12 19:21	3		6	1
62	2026-05-12 19:22:37.085629+00	75	وى٨٧٦٦ - 2026-05-12 19:20	3		6	1
63	2026-05-12 19:22:37.08564+00	74	بأو٥٢١ - 2026-05-12 19:20	3		6	1
64	2026-05-12 19:22:37.085651+00	73	طفف١٧٦ - 2026-05-12 19:20	3		6	1
65	2026-05-12 19:22:37.085662+00	72	AYAD-123 - 2026-05-11 20:11	3		6	1
66	2026-05-12 19:22:37.085673+00	71	ىجأ٢٤٦٨ - 2026-05-08 11:55	3		6	1
67	2026-05-12 19:22:37.085684+00	70	أج٩٨٥٢ - 2026-05-08 11:54	3		6	1
68	2026-05-12 19:22:37.085696+00	69	وفدب٦ - 2026-05-08 11:54	3		6	1
69	2026-05-12 19:22:37.085707+00	68	رد٩٨٥٣ - 2026-05-08 11:54	3		6	1
70	2026-05-12 19:22:37.085718+00	67	طف٥٤٥١ - 2026-05-08 11:53	3		6	1
71	2026-05-12 19:22:37.085728+00	66	ر٥٦٥٤ - 2026-05-08 11:51	3		6	1
72	2026-05-12 19:22:37.085739+00	65	لن٣٢٧٣ - 2026-05-08 11:51	3		6	1
73	2026-05-12 19:22:37.08575+00	64	نن٢٩٥٩ - 2026-05-08 11:51	3		6	1
74	2026-05-12 19:22:37.08576+00	63	عجطأ٦٧ - 2026-05-08 11:50	3		6	1
75	2026-05-12 19:22:37.08577+00	62	جلھ٩٨ - 2026-05-08 11:50	3		6	1
76	2026-05-12 19:22:37.085779+00	61	سبق٧٩٥ - 2026-05-08 11:50	3		6	1
77	2026-05-12 19:22:37.085789+00	60	لب٥٣٦٣٢ - 2026-05-08 11:50	3		6	1
78	2026-05-12 19:22:37.0858+00	59	نطل٩٤٦٢ - 2026-05-08 11:50	3		6	1
79	2026-05-12 19:22:37.08581+00	58	وى٨٧٣٦ - 2026-05-08 11:49	3		6	1
80	2026-05-12 19:22:37.08582+00	57	سأو٥٢١ - 2026-05-08 11:49	3		6	1
81	2026-05-12 19:22:37.08583+00	56	فففطق١٧٢٦٩ - 2026-05-08 11:48	3		6	1
82	2026-05-12 19:23:26.752068+00	79	٦ط٧ب - 2026-05-12 19:23	3		6	1
83	2026-05-12 19:23:37.910793+00	81	وى٨٧٣٦٦ - 2026-05-12 19:23	3		6	1
84	2026-05-12 19:23:37.910825+00	80	سأ٥٢١ - 2026-05-12 19:23	3		6	1
85	2026-05-12 19:30:00.863814+00	84	و٨٧٦٦ - 2026-05-12 19:24	3		6	1
86	2026-05-12 19:30:00.863898+00	83	سأ٥٢١ - 2026-05-12 19:24	3		6	1
87	2026-05-12 19:30:00.863917+00	82	NONE - 2026-05-12 19:24	3		6	1
88	2026-05-12 19:53:36.309444+00	86	وى٨٧٦٦ - 2026-05-12 19:31	3		6	1
89	2026-05-12 19:53:36.309554+00	85	و٧١ - 2026-05-12 19:31	3		6	1
90	2026-05-12 19:53:52.17878+00	87	NONE - 2026-05-12 19:33	3		6	1
91	2026-05-12 19:56:16.91652+00	90	وى٨٧ - 2026-05-12 19:54	3		6	1
92	2026-05-12 19:56:16.916579+00	89	٢٦ - 2026-05-12 19:54	3		6	1
93	2026-05-12 19:56:16.916602+00	88	NONE - 2026-05-12 19:54	3		6	1
94	2026-05-12 20:05:24.816143+00	99	رف٥٦٥٤ - 2026-05-12 19:59	3		6	1
95	2026-05-12 20:05:24.816181+00	98	لن٣٢٧٣ - 2026-05-12 19:58	3		6	1
96	2026-05-12 20:05:24.816197+00	97	نن٢٩٥٩ - 2026-05-12 19:58	3		6	1
97	2026-05-12 20:05:24.81621+00	96	عجط٦٧١ - 2026-05-12 19:58	3		6	1
98	2026-05-12 20:05:24.816221+00	95	٧٥ - 2026-05-12 19:58	3		6	1
99	2026-05-12 20:05:24.816233+00	94	لن٥٦٣٢ - 2026-05-12 19:58	3		6	1
100	2026-05-12 20:05:24.816244+00	93	و٨٧٦٦ - 2026-05-12 19:57	3		6	1
101	2026-05-12 20:05:24.816255+00	92	و١ - 2026-05-12 19:57	3		6	1
102	2026-05-12 20:05:24.816266+00	91	NONE - 2026-05-12 19:56	3		6	1
103	2026-05-12 20:28:49.841639+00	113	جأ٢٤٦ - 2026-05-12 20:12	3		6	1
104	2026-05-12 20:28:49.84174+00	112	فأج٩٨ - 2026-05-12 20:12	3		6	1
105	2026-05-12 20:28:49.84176+00	111	فب - 2026-05-12 20:11	3		6	1
106	2026-05-12 20:28:49.841778+00	110	رد٩٨٥٣ - 2026-05-12 20:11	3		6	1
107	2026-05-12 20:28:49.841794+00	109	دق٥٤٥١ - 2026-05-12 20:11	3		6	1
108	2026-05-12 20:28:49.84181+00	108	ر٦٥٤ - 2026-05-12 20:08	3		6	1
109	2026-05-12 20:28:49.841826+00	107	لن٦٢٧٦ - 2026-05-12 20:08	3		6	1
110	2026-05-12 20:28:49.841841+00	106	نن٢٩٥٩ - 2026-05-12 20:08	3		6	1
111	2026-05-12 20:28:49.841855+00	105	عجط٢٧١ - 2026-05-12 20:08	3		6	1
112	2026-05-12 20:28:49.84187+00	104	٢ھ - 2026-05-12 20:08	3		6	1
113	2026-05-12 20:28:49.841884+00	103	ب٧٥ - 2026-05-12 20:08	3		6	1
114	2026-05-12 20:28:49.841899+00	102	لف٥٦٣٢ - 2026-05-12 20:08	3		6	1
115	2026-05-12 20:28:49.841914+00	101	٤ - 2026-05-12 20:07	3		6	1
116	2026-05-12 20:28:49.841929+00	100	وى٨٧٦٦ - 2026-05-12 20:06	3		6	1
117	2026-05-13 08:40:37.145516+00	145	بو٢ - 2026-05-13 08:27	3		6	1
118	2026-05-13 08:40:37.145592+00	144	نل١٤٦٢ - 2026-05-13 08:13	3		6	1
119	2026-05-13 08:40:37.145615+00	143	١٢ - 2026-05-13 08:12	3		6	1
120	2026-05-13 08:40:37.145632+00	142	٧٦٦ - 2026-05-13 08:11	3		6	1
121	2026-05-13 08:40:37.145648+00	141	لف٥٦٣٢ - 2026-05-12 22:37	3		6	1
122	2026-05-13 08:40:37.145664+00	140	ب٢٦ - 2026-05-12 22:36	3		6	1
123	2026-05-13 08:40:37.145682+00	139	٧٥ - 2026-05-12 22:21	3		6	1
124	2026-05-13 08:40:37.145697+00	138	وى٨٧٣٦ - 2026-05-12 22:14	3		6	1
125	2026-05-13 08:40:37.145714+00	137	جأ - 2026-05-12 21:46	3		6	1
126	2026-05-13 08:40:37.145731+00	136	وف - 2026-05-12 21:46	3		6	1
127	2026-05-13 08:40:37.145748+00	135	لن٧ - 2026-05-12 21:42	3		6	1
128	2026-05-13 08:40:37.145763+00	134	عجط - 2026-05-12 21:41	3		6	1
129	2026-05-13 08:40:37.145779+00	133	ألن٥٣٢ - 2026-05-12 21:41	3		6	1
130	2026-05-13 08:40:37.145794+00	132	رف٥٦٥٤ - 2026-05-12 21:19	3		6	1
131	2026-05-13 08:40:37.14581+00	131	لن٣٢٧ - 2026-05-12 21:19	3		6	1
132	2026-05-13 08:40:37.145825+00	130	ج٨أ - 2026-05-12 21:19	3		6	1
133	2026-05-13 08:40:37.145843+00	129	و٨٧٦٦ - 2026-05-12 21:17	3		6	1
134	2026-05-13 08:40:37.145858+00	128	ن٦٥٤ - 2026-05-12 21:15	3		6	1
135	2026-05-13 08:40:37.145875+00	127	لن٣٢٧٣ - 2026-05-12 21:15	3		6	1
136	2026-05-13 08:40:37.145892+00	126	نن٢٩٥٩ - 2026-05-12 21:15	3		6	1
137	2026-05-13 08:40:37.145909+00	125	عجط٦٧ - 2026-05-12 21:14	3		6	1
138	2026-05-13 08:40:37.145955+00	124	بق٧١٥ - 2026-05-12 21:14	3		6	1
139	2026-05-13 08:40:37.145974+00	123	لن٥٦٣٦٦ - 2026-05-12 21:14	3		6	1
140	2026-05-13 08:40:37.145991+00	122	نطل٤أ٢ - 2026-05-12 21:14	3		6	1
141	2026-05-13 08:40:37.146006+00	121	وى٧٣٢ - 2026-05-12 21:13	3		6	1
142	2026-05-13 08:40:37.146022+00	120	سأ٥٢١ - 2026-05-12 21:13	3		6	1
143	2026-05-13 08:40:37.146039+00	119	طف٧٦٩ - 2026-05-12 21:13	3		6	1
144	2026-05-13 08:40:37.146055+00	118	وى٧٣أ - 2026-05-12 20:36	3		6	1
145	2026-05-13 08:40:37.146072+00	117	٢٦ - 2026-05-12 20:36	3		6	1
146	2026-05-13 08:40:37.146088+00	116	وى٨٧٦٢ - 2026-05-12 20:29	3		6	1
147	2026-05-13 08:40:37.146104+00	115	٥٢٦ - 2026-05-12 20:29	3		6	1
148	2026-05-13 08:40:37.14612+00	114	NONE - 2026-05-12 20:29	3		6	1
149	2026-05-13 08:46:13.988001+00	150	نن٢٩٥٩ - 2026-05-13 08:43	3		6	1
150	2026-05-13 08:46:13.988095+00	149	بق٧٩٥ - 2026-05-13 08:43	3		6	1
151	2026-05-13 08:46:13.988115+00	148	لن٥٦٣٢ - 2026-05-13 08:42	3		6	1
152	2026-05-13 08:46:13.988137+00	147	وى٨٧٣٦ - 2026-05-13 08:41	3		6	1
153	2026-05-13 08:46:13.988152+00	146	NONE - 2026-05-13 08:41	3		6	1
154	2026-05-13 09:24:04.691972+00	158	وف٦٥ - 2026-05-13 08:50	3		6	1
155	2026-05-13 09:24:04.692033+00	157	لن٣٢٦ - 2026-05-13 08:50	3		6	1
156	2026-05-13 09:24:04.692048+00	156	نن٢٩٥٩ - 2026-05-13 08:50	3		6	1
157	2026-05-13 09:24:04.69206+00	155	عط - 2026-05-13 08:49	3		6	1
158	2026-05-13 09:24:04.692072+00	154	NONE - 2026-05-13 08:49	3		6	1
159	2026-05-13 09:24:04.692082+00	153	لف٥٦٣٢ - 2026-05-13 08:49	3		6	1
160	2026-05-13 09:24:04.692093+00	152	ط - 2026-05-13 08:49	3		6	1
161	2026-05-13 09:24:04.692106+00	151	وى٨٧٣٦ - 2026-05-13 08:48	3		6	1
162	2026-05-13 09:37:14.840076+00	162	وى٨٧٦٢ - 2026-05-13 09:35	3		6	1
163	2026-05-13 09:37:14.840162+00	161	٧ - 2026-05-13 09:35	3		6	1
164	2026-05-13 09:37:14.840179+00	160	وى٧٣٢ - 2026-05-13 09:33	3		6	1
165	2026-05-13 09:37:14.840194+00	159	سأ٥٢١ - 2026-05-13 09:33	3		6	1
166	2026-05-13 09:54:27.268515+00	170	٥٦٥٤ - 2026-05-13 09:42	3		6	1
167	2026-05-13 09:54:27.268597+00	169	لن٦٢٧٣ - 2026-05-13 09:42	3		6	1
168	2026-05-13 09:54:27.268622+00	168	نن٢٩٥٩ - 2026-05-13 09:41	3		6	1
169	2026-05-13 09:54:27.268642+00	167	NONE - 2026-05-13 09:41	3		6	1
170	2026-05-13 09:54:27.26866+00	166	ف٧٩٥ - 2026-05-13 09:41	3		6	1
171	2026-05-13 09:54:27.268678+00	165	نفطل٢٢ - 2026-05-13 09:41	3		6	1
172	2026-05-13 09:54:27.268695+00	164	وى٨٧٦٦ - 2026-05-13 09:40	3		6	1
173	2026-05-13 09:54:27.26871+00	163	٢ - 2026-05-13 09:40	3		6	1
174	2026-05-13 09:54:42.797717+00	1	Slot A1 - available (Row 1, Col 0)	2	[{"changed": {"fields": ["Status"]}}]	8	1
175	2026-05-13 09:55:11.350747+00	1	Res 55e for ayad	2	[{"changed": {"fields": ["Slot", "Start time", "End time"]}}]	9	1
176	2026-05-13 10:23:41.844228+00	208	أسھ٥٩أ٤٢ - 2026-05-13 10:23	3		6	1
177	2026-05-13 10:23:41.844311+00	207	أم٢ - 2026-05-13 10:22	3		6	1
178	2026-05-13 10:23:41.844331+00	206	أج٩٨٥٢ - 2026-05-13 10:21	3		6	1
179	2026-05-13 10:23:41.844345+00	205	فدب٢ - 2026-05-13 10:20	3		6	1
180	2026-05-13 10:23:41.844357+00	204	رد٩٨٥٣ - 2026-05-13 10:20	3		6	1
181	2026-05-13 10:23:41.844369+00	203	ر٥٥٤ - 2026-05-13 10:18	3		6	1
182	2026-05-13 10:23:41.84438+00	202	عجط٦٧ - 2026-05-13 10:17	3		6	1
183	2026-05-13 10:23:41.844392+00	201	سبفق٧٩٥ - 2026-05-13 10:17	3		6	1
184	2026-05-13 10:23:41.844402+00	200	لن٥٦٣٢ - 2026-05-13 10:17	3		6	1
185	2026-05-13 10:23:41.844413+00	199	نفطل٢ - 2026-05-13 10:17	3		6	1
186	2026-05-13 10:23:41.844424+00	198	وى٧٣٢ - 2026-05-13 10:16	3		6	1
187	2026-05-13 10:23:41.844435+00	197	سأ٥٢١ - 2026-05-13 10:16	3		6	1
188	2026-05-13 10:23:41.844445+00	196	لطق٧أ١ - 2026-05-13 10:15	3		6	1
189	2026-05-13 10:23:41.844456+00	195	٩ق٦٧١٤ - 2026-05-13 10:08	3		6	1
190	2026-05-13 10:23:41.844466+00	194	NONE - 2026-05-13 10:08	3		6	1
191	2026-05-13 10:23:41.844476+00	193	طھل٥٤١٥ - 2026-05-13 10:08	3		6	1
192	2026-05-13 10:23:41.844487+00	192	طن١ - 2026-05-13 10:07	3		6	1
193	2026-05-13 10:23:41.844497+00	191	بل١٨٢٧ - 2026-05-13 10:07	3		6	1
194	2026-05-13 10:23:41.844507+00	190	طق١٦٤١ - 2026-05-13 10:06	3		6	1
195	2026-05-13 10:23:41.844517+00	189	أسھ٩١٤٢ - 2026-05-13 10:06	3		6	1
196	2026-05-13 10:23:41.844527+00	188	جب٢١٤ - 2026-05-13 10:05	3		6	1
197	2026-05-13 10:23:41.844537+00	187	ىجأ٢٤٦٨ - 2026-05-13 10:04	3		6	1
198	2026-05-13 10:23:41.844546+00	186	أج٨ - 2026-05-13 10:04	3		6	1
199	2026-05-13 10:23:41.844556+00	185	قفدب٦ - 2026-05-13 10:04	3		6	1
200	2026-05-13 10:23:41.844566+00	184	فرد٩٨٥٣ - 2026-05-13 10:04	3		6	1
201	2026-05-13 10:23:41.844576+00	183	دق٥٤٥١ - 2026-05-13 10:03	3		6	1
202	2026-05-13 10:23:41.844586+00	182	رى٥٦٥٤ - 2026-05-13 10:01	3		6	1
203	2026-05-13 10:23:41.844596+00	181	لن٣٢٧٣ - 2026-05-13 10:01	3		6	1
204	2026-05-13 10:23:41.844606+00	180	نن٢٩٥٩ - 2026-05-13 10:01	3		6	1
205	2026-05-13 10:23:41.844638+00	179	عجطأ٦٧ - 2026-05-13 10:01	3		6	1
206	2026-05-13 10:23:41.844663+00	178	جع - 2026-05-13 10:01	3		6	1
207	2026-05-13 10:23:41.84468+00	177	٧٩٥ - 2026-05-13 10:00	3		6	1
208	2026-05-13 10:23:41.844693+00	176	لن٥٦٣٦٦ - 2026-05-13 10:00	3		6	1
209	2026-05-13 10:23:41.844704+00	175	نطفل٤أ٢٦ - 2026-05-13 10:00	3		6	1
210	2026-05-13 10:23:41.844714+00	174	وى٧٦٦ - 2026-05-13 09:59	3		6	1
211	2026-05-13 10:23:41.844725+00	173	أو٥٢١ - 2026-05-13 09:59	3		6	1
212	2026-05-13 10:23:41.844745+00	172	وى٨٧٣٦ - 2026-05-13 09:55	3		6	1
213	2026-05-13 10:23:41.844756+00	171	ف١ - 2026-05-13 09:55	3		6	1
214	2026-05-13 15:18:51.178085+00	213	OMAR-123 - 2026-05-13 12:08	2	[{"changed": {"fields": ["License plate", "Slot"]}}]	6	1
215	2026-05-13 15:19:54.879201+00	213	OMAR-123 - 2026-05-13 12:08	2	[{"changed": {"fields": ["Slot"]}}]	6	1
216	2026-05-13 15:20:59.150295+00	213	OMAR-123 - 2026-05-13 12:08	2	[{"changed": {"fields": ["Last camera"]}}]	6	1
217	2026-05-13 15:21:42.778727+00	213	OMAR-123 - 2026-05-13 12:08	2	[{"changed": {"fields": ["Car color"]}}]	6	1
218	2026-05-13 15:22:14.889649+00	213	OMAR-123 - 2026-05-13 12:08	2	[]	6	1
219	2026-05-13 15:24:11.161342+00	213	OMAR-123 - 2026-05-13 12:08	2	[{"changed": {"fields": ["Last camera"]}}]	6	1
220	2026-05-13 15:34:53.552966+00	213	OMAR-123 - 2026-05-13 12:08	2	[]	6	1
221	2026-05-13 15:50:56.015729+00	212	سأ٥٢١ - 2026-05-13 12:08	2	[{"changed": {"fields": ["Slot", "Car embedding"]}}]	6	1
222	2026-05-13 15:52:37.555848+00	212	سأ٥٢١ - 2026-05-13 12:08	2	[{"changed": {"fields": ["Car color"]}}]	6	1
223	2026-05-13 15:52:38.11881+00	212	سأ٥٢١ - 2026-05-13 12:08	2	[]	6	1
224	2026-05-13 15:52:48.944716+00	213	OMAR-123 - 2026-05-13 12:08	2	[{"changed": {"fields": ["Last camera"]}}]	6	1
225	2026-05-13 15:57:04.396499+00	213	OMAR-123 - 2026-05-13 12:08	2	[{"changed": {"fields": ["Car color", "Last camera"]}}]	6	1
226	2026-05-13 16:00:06.849769+00	212	سأ٥٢١ - 2026-05-13 12:08	2	[]	6	1
227	2026-05-13 16:00:19.122086+00	213	OMAR-123 - 2026-05-13 12:08	2	[{"changed": {"fields": ["Last camera"]}}]	6	1
228	2026-05-13 16:04:33.033869+00	213	OMAR-123 - 2026-05-13 12:08	3		6	1
229	2026-05-13 16:04:33.033911+00	212	سأ٥٢١ - 2026-05-13 12:08	3		6	1
230	2026-05-13 16:04:33.033929+00	211	طقف٧٦٩ - 2026-05-13 12:08	3		6	1
231	2026-05-13 16:04:33.033944+00	210	و٨٧٦٦ - 2026-05-13 11:11	3		6	1
232	2026-05-13 16:04:33.033958+00	209	٦ - 2026-05-13 11:11	3		6	1
233	2026-05-13 16:38:04.598278+00	221	ر٥٦٥٤ - 2026-05-13 16:26	3		6	1
234	2026-05-13 16:38:04.598317+00	220	لن٣٢٧٦ - 2026-05-13 16:26	3		6	1
235	2026-05-13 16:38:04.598332+00	219	نن٢٩٥٩ - 2026-05-13 16:25	3		6	1
236	2026-05-13 16:38:04.598344+00	218	ف٧٩٥ - 2026-05-13 16:25	3		6	1
237	2026-05-13 16:38:04.598364+00	217	لف٥٦٣٢ - 2026-05-13 16:25	3		6	1
238	2026-05-13 16:38:04.598375+00	216	وى٨٧٣٦ - 2026-05-13 16:23	3		6	1
239	2026-05-13 16:38:04.598386+00	215	و٢ - 2026-05-13 16:23	3		6	1
240	2026-05-13 16:38:04.598396+00	214	NONE - 2026-05-13 16:23	3		6	1
241	2026-05-13 17:04:33.757308+00	230	ف٦٥٤ - 2026-05-13 16:41	3		6	1
242	2026-05-13 17:04:33.757373+00	229	لن٣٢٧٣ - 2026-05-13 16:41	3		6	1
243	2026-05-13 17:04:33.757397+00	228	نن٢٩٥٩ - 2026-05-13 16:41	3		6	1
244	2026-05-13 17:04:33.757417+00	227	عج - 2026-05-13 16:41	3		6	1
245	2026-05-13 17:04:33.757437+00	226	بف٧٩٥ - 2026-05-13 16:40	3		6	1
246	2026-05-13 17:04:33.757456+00	225	نفطل٢ - 2026-05-13 16:40	3		6	1
247	2026-05-13 17:04:33.757473+00	224	و٨٧٦٦ - 2026-05-13 16:39	3		6	1
248	2026-05-13 17:04:33.75749+00	223	٥ھ - 2026-05-13 16:39	3		6	1
249	2026-05-13 17:04:33.757507+00	222	NONE - 2026-05-13 16:39	3		6	1
250	2026-05-13 17:17:55.515065+00	241	ر٥٦٥٤ - 2026-05-13 17:10	3		6	1
251	2026-05-13 17:17:55.515141+00	240	لن٦٢٧٦ - 2026-05-13 17:10	3		6	1
252	2026-05-13 17:17:55.515157+00	239	نن٢٩٥٩ - 2026-05-13 17:10	3		6	1
253	2026-05-13 17:17:55.515169+00	238	عجط٦٧ - 2026-05-13 17:10	3		6	1
254	2026-05-13 17:17:55.515181+00	237	ج٨أ - 2026-05-13 17:10	3		6	1
255	2026-05-13 17:17:55.515193+00	236	ف٧٩٥ - 2026-05-13 17:09	3		6	1
256	2026-05-13 17:17:55.515204+00	235	لف٥٦٣٢ - 2026-05-13 17:09	3		6	1
257	2026-05-13 17:17:55.515248+00	234	نفطل٢ - 2026-05-13 17:09	3		6	1
258	2026-05-13 17:17:55.515264+00	233	وى٨٧٣٦ - 2026-05-13 17:08	3		6	1
259	2026-05-13 17:17:55.515275+00	232	سأ٥٦١ - 2026-05-13 17:08	3		6	1
260	2026-05-13 17:17:55.515286+00	231	لطق١٧٦ - 2026-05-13 17:08	3		6	1
261	2026-05-13 17:18:09.628286+00	247	جب١ع - 2026-05-13 17:14	3		6	1
262	2026-05-13 17:18:09.628369+00	246	جأم٢٤٦٢٨ - 2026-05-13 17:13	3		6	1
263	2026-05-13 17:18:09.628389+00	245	ىأج٩٨٥٢ - 2026-05-13 17:13	3		6	1
264	2026-05-13 17:18:09.628406+00	244	فدب٢٦ - 2026-05-13 17:13	3		6	1
265	2026-05-13 17:18:09.628424+00	243	ىرد٩٨٥٣ - 2026-05-13 17:13	3		6	1
266	2026-05-13 17:18:09.628443+00	242	دف٥٤٥١ - 2026-05-13 17:12	3		6	1
267	2026-05-13 19:19:50.534783+00	248	NONE - 2026-05-13 19:15	3		6	1
268	2026-05-13 19:30:29.595487+00	249	وى٨٧٣٦ - 2026-05-13 19:28	3		6	1
269	2026-05-13 19:56:27.956664+00	254	لن٧ - 2026-05-13 19:41	3		6	1
270	2026-05-13 19:56:27.956764+00	253	نن٢٩٥٩ - 2026-05-13 19:40	3		6	1
271	2026-05-13 19:56:27.956787+00	252	عجط٦٧أ١أ - 2026-05-13 19:40	3		6	1
272	2026-05-13 19:56:27.956801+00	251	لن٥٦٣٦٦ - 2026-05-13 19:37	3		6	1
273	2026-05-13 19:56:27.956814+00	250	NONE - 2026-05-13 19:32	3		6	1
274	2026-05-13 19:58:01.730987+00	256	وى٨٧٦٦ - 2026-05-13 19:57	3		6	1
275	2026-05-13 19:58:01.731042+00	255	فطق٧٦٩ - 2026-05-13 19:57	3		6	1
276	2026-05-13 21:17:13.777077+00	279	مف٦٧٤ - 2026-05-13 20:07	3		6	1
277	2026-05-13 21:17:13.777116+00	278	NONE - 2026-05-13 20:07	3		6	1
278	2026-05-13 21:17:13.777131+00	277	طھل٥٤١٥د - 2026-05-13 20:07	3		6	1
279	2026-05-13 21:17:13.777143+00	276	جقمطد١ - 2026-05-13 20:06	3		6	1
280	2026-05-13 21:17:13.777154+00	275	بن١٢٧ - 2026-05-13 20:06	3		6	1
281	2026-05-13 21:17:13.777164+00	274	طق١٦٤١ - 2026-05-13 20:05	3		6	1
282	2026-05-13 21:17:13.777174+00	273	أھ٩١٤٢ - 2026-05-13 20:05	3		6	1
283	2026-05-13 21:17:13.777187+00	272	جب٦٤ - 2026-05-13 20:04	3		6	1
284	2026-05-13 21:17:13.777197+00	271	ىجأ٢٤٦٨ - 2026-05-13 20:03	3		6	1
285	2026-05-13 21:17:13.777208+00	270	فدب٦ - 2026-05-13 20:03	3		6	1
286	2026-05-13 21:17:13.777217+00	269	رد٩٨٥٣ - 2026-05-13 20:03	3		6	1
287	2026-05-13 21:17:13.777227+00	268	دق٥٤٥١ - 2026-05-13 20:02	3		6	1
288	2026-05-13 21:17:13.777237+00	267	ر٦٥٤ - 2026-05-13 20:00	3		6	1
289	2026-05-13 21:17:13.777248+00	266	لن٣٢٧٣ - 2026-05-13 20:00	3		6	1
290	2026-05-13 21:17:13.777258+00	265	نن٢٩٥٩ - 2026-05-13 20:00	3		6	1
291	2026-05-13 21:17:13.777275+00	264	ج٨أ - 2026-05-13 20:00	3		6	1
292	2026-05-13 21:17:13.777286+00	263	عجط٦٧١ - 2026-05-13 20:00	3		6	1
293	2026-05-13 21:17:13.777297+00	262	بق٧٥ - 2026-05-13 19:59	3		6	1
294	2026-05-13 21:17:13.777307+00	261	لف٥٦٣٢ - 2026-05-13 19:59	3		6	1
295	2026-05-13 21:17:13.77732+00	260	نطل٤أ٢ - 2026-05-13 19:59	3		6	1
296	2026-05-13 21:17:13.777353+00	259	وى٨٧١٦٦ - 2026-05-13 19:58	3		6	1
297	2026-05-13 21:17:13.777376+00	258	سأ٥٢١ - 2026-05-13 19:58	3		6	1
298	2026-05-13 21:17:13.777392+00	257	طقف٧٦٩ - 2026-05-13 19:58	3		6	1
299	2026-05-13 21:28:26.970468+00	282	وى٨٧٦٦ - 2026-05-13 21:24	3		6	1
300	2026-05-13 21:28:26.970516+00	281	و٧١ - 2026-05-13 21:24	3		6	1
301	2026-05-13 21:28:26.970534+00	280	NONE - 2026-05-13 21:24	3		6	1
302	2026-05-13 21:46:20.588766+00	296	سأ٥٢١ - 2026-05-13 21:42	3		6	1
303	2026-05-13 21:46:20.588842+00	295	وى٨٧٦٦ - 2026-05-13 21:38	3		6	1
304	2026-05-13 21:46:20.588861+00	294	ل١ - 2026-05-13 21:37	3		6	1
305	2026-05-13 21:46:20.588879+00	293	٥٧ - 2026-05-13 21:36	3		6	1
306	2026-05-13 21:46:20.588894+00	292	٥٦٥٤ - 2026-05-13 21:33	3		6	1
307	2026-05-13 21:46:20.58891+00	291	لن٣٢٧ - 2026-05-13 21:32	3		6	1
308	2026-05-13 21:46:20.588925+00	290	نن٢٩٥٩ - 2026-05-13 21:32	3		6	1
309	2026-05-13 21:46:20.588936+00	289	عج - 2026-05-13 21:32	3		6	1
310	2026-05-13 21:46:20.588946+00	288	NONE - 2026-05-13 21:32	3		6	1
311	2026-05-13 21:46:20.588957+00	287	بق٧٥ - 2026-05-13 21:32	3		6	1
312	2026-05-13 21:46:20.588967+00	286	لف٥٦٣٢ - 2026-05-13 21:32	3		6	1
313	2026-05-13 21:46:20.588977+00	285	نطل٢ - 2026-05-13 21:31	3		6	1
314	2026-05-13 21:46:20.588987+00	284	وى٨٧٦٢ - 2026-05-13 21:31	3		6	1
315	2026-05-13 21:46:20.588997+00	283	ل٢ - 2026-05-13 21:30	3		6	1
316	2026-05-13 22:50:28.554553+00	319	مج٢٧١٤ - 2026-05-13 22:01	3		6	1
317	2026-05-13 22:50:28.554602+00	318	NONE - 2026-05-13 22:01	3		6	1
318	2026-05-13 22:50:28.554631+00	317	طھل٥٤١٥ - 2026-05-13 22:01	3		6	1
319	2026-05-13 22:50:28.554648+00	316	جقمطد١ - 2026-05-13 22:00	3		6	1
320	2026-05-13 22:50:28.554661+00	315	ب٧ - 2026-05-13 22:00	3		6	1
321	2026-05-13 22:50:28.554674+00	314	طق١٦٤١ - 2026-05-13 21:59	3		6	1
322	2026-05-13 22:50:28.554686+00	313	أھ٩أ٤٢ - 2026-05-13 21:59	3		6	1
323	2026-05-13 22:50:28.554698+00	312	جب٢٦٤ - 2026-05-13 21:58	3		6	1
324	2026-05-13 22:50:28.55471+00	311	ىج٢٤٦٨ - 2026-05-13 21:57	3		6	1
325	2026-05-13 22:50:28.554721+00	310	فدب٢٦ - 2026-05-13 21:57	3		6	1
326	2026-05-13 22:50:28.554732+00	309	رد٩٨٥٣ - 2026-05-13 21:57	3		6	1
327	2026-05-13 22:50:28.554744+00	308	دق٥٤٥١ - 2026-05-13 21:56	3		6	1
328	2026-05-13 22:50:28.554755+00	307	رن٥ - 2026-05-13 21:54	3		6	1
329	2026-05-13 22:50:28.554766+00	306	لن٣٢٧٣ - 2026-05-13 21:54	3		6	1
330	2026-05-13 22:50:28.554778+00	305	نن٢٩٥٩ - 2026-05-13 21:54	3		6	1
331	2026-05-13 22:50:28.554788+00	304	٩عجط٦٧١ - 2026-05-13 21:54	3		6	1
332	2026-05-13 22:50:28.554799+00	303	ھ٦ - 2026-05-13 21:54	3		6	1
333	2026-05-13 22:50:28.55481+00	302	٧٩٥ - 2026-05-13 21:53	3		6	1
334	2026-05-13 22:50:28.55482+00	301	لن٥٦٣٦٦ - 2026-05-13 21:53	3		6	1
335	2026-05-13 22:50:28.554831+00	300	نفطل٢ - 2026-05-13 21:53	3		6	1
336	2026-05-13 22:50:28.55484+00	299	وى٧٣٢ - 2026-05-13 21:52	3		6	1
337	2026-05-13 22:50:28.55485+00	298	سأ٥٦١ - 2026-05-13 21:52	3		6	1
338	2026-05-13 22:50:28.55486+00	297	طقف٧٦٩ - 2026-05-13 21:52	3		6	1
339	2026-05-13 22:57:04.395995+00	320	وى٨٧٦٦ - 2026-05-13 22:52	3		6	1
340	2026-05-14 18:56:26.916918+00	328	ن٥٢٥٤ - 2026-05-13 23:37	3		6	1
341	2026-05-14 18:56:26.916995+00	327	ل١ - 2026-05-13 23:37	3		6	1
342	2026-05-14 18:56:26.917011+00	326	نن٢٩٥٩ - 2026-05-13 23:37	3		6	1
343	2026-05-14 18:56:26.917024+00	325	ھ - 2026-05-13 23:37	3		6	1
344	2026-05-14 18:56:26.917035+00	324	لن٥٦٣٦٦ - 2026-05-13 23:36	3		6	1
345	2026-05-14 18:56:26.917054+00	323	NONE - 2026-05-13 23:36	3		6	1
346	2026-05-14 18:56:26.917064+00	322	وى٨٧ - 2026-05-13 23:14	3		6	1
347	2026-05-14 18:56:26.917075+00	321	٦ - 2026-05-13 23:11	3		6	1
348	2026-05-14 20:17:38.765632+00	339	ر٥٦٥٤ - 2026-05-14 18:59	3		6	1
349	2026-05-14 20:17:38.765679+00	338	لن٣٢٧٣ - 2026-05-14 18:59	3		6	1
350	2026-05-14 20:17:38.765729+00	337	نن٢٩٥٩ - 2026-05-14 18:59	3		6	1
351	2026-05-14 20:17:38.765748+00	336	عجط٦٧ - 2026-05-14 18:59	3		6	1
352	2026-05-14 20:17:38.765764+00	335	NONE - 2026-05-14 18:58	3		6	1
353	2026-05-14 20:17:38.76578+00	334	سبفق٧٩٥ - 2026-05-14 18:58	3		6	1
354	2026-05-14 20:17:38.765793+00	333	لن٥٦٢ - 2026-05-14 18:58	3		6	1
355	2026-05-14 20:17:38.765807+00	332	نطل٩٤٢ - 2026-05-14 18:58	3		6	1
356	2026-05-14 20:17:38.765821+00	331	وى٨٧٦٦ - 2026-05-14 18:57	3		6	1
357	2026-05-14 20:17:38.765834+00	330	سأ٥٢١ - 2026-05-14 18:57	3		6	1
358	2026-05-14 20:17:38.765847+00	329	٥١٦ - 2026-05-14 18:57	3		6	1
359	2026-05-14 20:36:32.867488+00	350	ر٥٦٥٤ - 2026-05-14 20:24	3		6	1
360	2026-05-14 20:36:32.867558+00	349	لن٣٢٧٣ - 2026-05-14 20:23	3		6	1
361	2026-05-14 20:36:32.867583+00	348	نن٢٩٥٩ - 2026-05-14 20:23	3		6	1
362	2026-05-14 20:36:32.867599+00	347	عجط٦٧٩ - 2026-05-14 20:23	3		6	1
363	2026-05-14 20:36:32.867612+00	346	ھ١ - 2026-05-14 20:23	3		6	1
364	2026-05-14 20:36:32.867625+00	345	سبفق٧٩٥ - 2026-05-14 20:23	3		6	1
365	2026-05-14 20:36:32.867636+00	344	لن٥٦٣٦٢ - 2026-05-14 20:23	3		6	1
366	2026-05-14 20:36:32.867647+00	343	نطل٩٤٢ - 2026-05-14 20:22	3		6	1
367	2026-05-14 20:36:32.867658+00	342	وى٨٧٦٦ - 2026-05-14 20:22	3		6	1
368	2026-05-14 20:36:32.867673+00	341	سأ٥٢ - 2026-05-14 20:22	3		6	1
369	2026-05-14 20:36:32.867684+00	340	٥٧ - 2026-05-14 20:21	3		6	1
\.


--
-- Data for Name: django_content_type; Type: TABLE DATA; Schema: public; Owner: smart_user
--

COPY public.django_content_type (id, app_label, model) FROM stdin;
1	admin	logentry
2	auth	permission
3	auth	group
4	auth	user
5	contenttypes	contenttype
6	parking	vehiclelog
7	parking	camera
8	parking	parkingslot
9	parking	reservation
10	sessions	session
\.


--
-- Data for Name: django_migrations; Type: TABLE DATA; Schema: public; Owner: smart_user
--

COPY public.django_migrations (id, app, name, applied) FROM stdin;
1	contenttypes	0001_initial	2026-05-07 22:50:44.16126+00
2	auth	0001_initial	2026-05-07 22:50:44.22455+00
3	admin	0001_initial	2026-05-07 22:50:44.245327+00
4	admin	0002_logentry_remove_auto_add	2026-05-07 22:50:44.251255+00
5	admin	0003_logentry_add_action_flag_choices	2026-05-07 22:50:44.257104+00
6	contenttypes	0002_remove_content_type_name	2026-05-07 22:50:44.271935+00
7	auth	0002_alter_permission_name_max_length	2026-05-07 22:50:44.277526+00
8	auth	0003_alter_user_email_max_length	2026-05-07 22:50:44.286507+00
9	auth	0004_alter_user_username_opts	2026-05-07 22:50:44.292797+00
10	auth	0005_alter_user_last_login_null	2026-05-07 22:50:44.300303+00
11	auth	0006_require_contenttypes_0002	2026-05-07 22:50:44.301638+00
12	auth	0007_alter_validators_add_error_messages	2026-05-07 22:50:44.307557+00
13	auth	0008_alter_user_username_max_length	2026-05-07 22:50:44.317388+00
14	auth	0009_alter_user_last_name_max_length	2026-05-07 22:50:44.324151+00
15	auth	0010_alter_group_name_max_length	2026-05-07 22:50:44.329743+00
16	auth	0011_update_proxy_permissions	2026-05-07 22:50:44.336629+00
17	auth	0012_alter_user_first_name_max_length	2026-05-07 22:50:44.343745+00
21	parking	0001_initial	2026-05-07 23:08:33.764207+00
22	sessions	0001_initial	2026-05-07 23:08:33.775602+00
\.


--
-- Data for Name: django_session; Type: TABLE DATA; Schema: public; Owner: smart_user
--

COPY public.django_session (session_key, session_data, expire_date) FROM stdin;
p799ikg30y3rejdf6ptyqe4587s2c53f	.eJxVjDsOwjAQRO_iGlnY8peSnjNY6_UuDiBbipMKcXcSKQVounlv5i0SrEtN66A5TUVchBKn3y4DPqntoDyg3bvE3pZ5ynJX5EGHvPVCr-vh_h1UGHVbZ9LqXCwig7HBOVviFmtJm6wDK6sCEnmHzCZGFUFHHdEVb9gzeyc-X_MUODE:1wL7pu:oOqJyKEDqDo5_rb8wKAEekkOXSwjLR_8irToxJuGUZ0	2026-05-21 23:08:54.734377+00
p9fndaietubt9j23hqwkpsgzzo3x69v8	.eJxVjDsOwjAQRO_iGlnY8peSnjNY6_UuDiBbipMKcXcSKQVounlv5i0SrEtN66A5TUVchBKn3y4DPqntoDyg3bvE3pZ5ynJX5EGHvPVCr-vh_h1UGHVbZ9LqXCwig7HBOVviFmtJm6wDK6sCEnmHzCZGFUFHHdEVb9gzeyc-X_MUODE:1wLHgm:m7mfH-Wfe0hLntwTIoMg-rP5zrBoucfOo_g6YiHT7NE	2026-05-22 09:40:08.42509+00
t0yno810qrbaoptjzcinuhd1onzp4sj2	.eJxVjDsOwjAQRO_iGlnY8peSnjNY6_UuDiBbipMKcXcSKQVounlv5i0SrEtN66A5TUVchBKn3y4DPqntoDyg3bvE3pZ5ynJX5EGHvPVCr-vh_h1UGHVbZ9LqXCwig7HBOVviFmtJm6wDK6sCEnmHzCZGFUFHHdEVb9gzeyc-X_MUODE:1wLkfs:NAZrCvKC2xD5CVW9AUYdSCLCRoJAgEbwu7s0PNJI5pM	2026-05-23 16:37:08.389056+00
suufv81nfdupft3wwp46cpkubacp9cd1	.eJxVjDsOwjAQBe_iGln-O6ak5wzWeneNA8iR8qkQd4dIKaB9M_NeIsO2trwtPOeRxFkYcfrdCuCD-w7oDv02SZz6Oo9F7oo86CKvE_Hzcrh_Bw2W9q1DLRo8BOWdVhYZfcDKIapqmBJq8pa0MzX6oSTlEpsBazEJS4VoA4n3B-8nOGQ:1wLkiW:Dc_7cbOGTCGbImgqJmUaE9-ckN0S8xQN_LVUaPFH0zY	2026-05-23 16:39:52.304726+00
4v4qk28iw8cn712x0yc2uvqxrjlwxzqs	.eJxVjDsOwjAQBe_iGln-O6ak5wzWeneNA8iR8qkQd4dIKaB9M_NeIsO2trwtPOeRxFkYcfrdCuCD-w7oDv02SZz6Oo9F7oo86CKvE_Hzcrh_Bw2W9q1DLRo8BOWdVhYZfcDKIapqmBJq8pa0MzX6oSTlEpsBazEJS4VoA4n3B-8nOGQ:1wMRnm:5VwtxJWS5LWBalFCEQT99CS71hYgmwAaAm-JLtudy8Y	2026-05-25 14:40:10.913259+00
fp5qpffu8dkd0bjhzl2xxf9yf4pzo76c	.eJxVjDsOwjAQRO_iGlnY8peSnjNY6_UuDiBbipMKcXcSKQVounlv5i0SrEtN66A5TUVchBKn3y4DPqntoDyg3bvE3pZ5ynJX5EGHvPVCr-vh_h1UGHVbZ9LqXCwig7HBOVviFmtJm6wDK6sCEnmHzCZGFUFHHdEVb9gzeyc-X_MUODE:1wMsdp:1xyv0gJ2Yql4-3sZ0f3XmIYVh2Um1XNkwSxnM8hOgjM	2026-05-26 19:19:41.972323+00
d5fd571fu4lpaguer79d63uo8bw1fws8	.eJxVjDsOwjAQRO_iGlnY8peSnjNY6_UuDiBbipMKcXcSKQVounlv5i0SrEtN66A5TUVchBKn3y4DPqntoDyg3bvE3pZ5ynJX5EGHvPVCr-vh_h1UGHVbZ9LqXCwig7HBOVviFmtJm6wDK6sCEnmHzCZGFUFHHdEVb9gzeyc-X_MUODE:1wMvrq:d9lEHGbkSzDZyBMWcfG1KY7d6_h9bic7OEBAaCe6GUA	2026-05-26 22:46:22.299438+00
qa58cv8xwyg1tjzh76xw10q6tgfo31jp	.eJxVjDsOwjAQRO_iGlnY8peSnjNY6_UuDiBbipMKcXcSKQVounlv5i0SrEtN66A5TUVchBKn3y4DPqntoDyg3bvE3pZ5ynJX5EGHvPVCr-vh_h1UGHVbZ9LqXCwig7HBOVviFmtJm6wDK6sCEnmHzCZGFUFHHdEVb9gzeyc-X_MUODE:1wN7T3:L5cwQg4ohM6cp7_eeG9Tu1DeBDKpB9aD5GiD3fVpjFg	2026-05-27 11:09:33.172218+00
v7ag1micyxbq95dw5q6u11utglfq6dqx	.eJxVjDsOwjAQRO_iGlnY8peSnjNY6_UuDiBbipMKcXcSKQVounlv5i0SrEtN66A5TUVchBKn3y4DPqntoDyg3bvE3pZ5ynJX5EGHvPVCr-vh_h1UGHVbZ9LqXCwig7HBOVviFmtJm6wDK6sCEnmHzCZGFUFHHdEVb9gzeyc-X_MUODE:1wNapt:oPPp2PP9xwv4WVRa75hBL263Evs91kCbsW9cstIaeBo	2026-05-28 18:31:05.580258+00
\.


--
-- Data for Name: parking_camera; Type: TABLE DATA; Schema: public; Owner: smart_user
--

COPY public.parking_camera (id, camera_id, zone_name, "row", col) FROM stdin;
1	CAM-01	entrance	0	0
2	CAM-02	zone-A1	1	1
3	CAM-03	zone-A16	16	1
4	CAM-04	zone-A32	32	1
5	CAM-05	zone-D1	1	4
6	CAM-06	zone-D16	16	4
7	CAM-07	zone-D32	32	4
8	CAM-08	exit	45	1
\.


--
-- Data for Name: parking_parkingslot; Type: TABLE DATA; Schema: public; Owner: smart_user
--

COPY public.parking_parkingslot (id, slot_number, status, slot_type, latitude, longitude, floor, "row", col, camera_id) FROM stdin;
17	B1	occupied	regular	\N	\N	1	1	2	2
19	C1	occupied	regular	\N	\N	1	1	3	2
9	D1	occupied	regular	\N	\N	1	1	5	2
2	A2	occupied	regular	\N	\N	1	2	0	2
18	B2	occupied	regular	\N	\N	1	2	2	2
20	C2	occupied	regular	\N	\N	1	2	3	2
10	D2	occupied	regular	\N	\N	1	2	5	2
3	A3	occupied	regular	\N	\N	1	3	0	2
27	A15	occupied	regular	\N	\N	1	15	0	3
52	C3	occupied	regular	\N	\N	1	3	3	5
11	D3	occupied	regular	\N	\N	1	3	5	2
4	A4	occupied	regular	\N	\N	1	4	0	2
58	B4	occupied	regular	\N	\N	1	4	2	5
53	C4	occupied	regular	\N	\N	1	4	3	5
12	D4	occupied	regular	\N	\N	1	4	5	2
5	A5	occupied	regular	\N	\N	1	5	0	2
59	B5	occupied	regular	\N	\N	1	5	2	5
54	C5	occupied	regular	\N	\N	1	5	3	5
13	D5	occupied	regular	\N	\N	1	5	5	2
6	A6	occupied	regular	\N	\N	1	6	0	2
60	B6	occupied	regular	\N	\N	1	6	2	5
55	C6	occupied	regular	\N	\N	1	6	3	5
14	D6	occupied	regular	\N	\N	1	6	5	2
7	A7	occupied	regular	\N	\N	1	7	0	2
61	B7	occupied	regular	\N	\N	1	7	2	5
56	C7	occupied	regular	\N	\N	1	7	3	5
15	D7	occupied	regular	\N	\N	1	7	5	2
8	A8	occupied	regular	\N	\N	1	8	0	2
77	B8	occupied	regular	\N	\N	1	8	2	6
72	C8	occupied	regular	\N	\N	1	8	3	6
16	D8	occupied	regular	\N	\N	1	8	5	2
21	A9	occupied	regular	\N	\N	1	9	0	3
78	B9	occupied	regular	\N	\N	1	9	2	6
73	C9	occupied	regular	\N	\N	1	9	3	6
42	D9	occupied	regular	\N	\N	1	9	5	5
22	A10	occupied	regular	\N	\N	1	10	0	3
79	B10	occupied	regular	\N	\N	1	10	2	6
74	C10	occupied	regular	\N	\N	1	10	3	6
43	D10	occupied	regular	\N	\N	1	10	5	5
23	A11	occupied	regular	\N	\N	1	11	0	3
80	B11	occupied	regular	\N	\N	1	11	2	6
75	C11	occupied	regular	\N	\N	1	11	3	6
44	D11	occupied	regular	\N	\N	1	11	5	5
24	A12	occupied	regular	\N	\N	1	12	0	3
49	D16	occupied	regular	\N	\N	1	16	5	5
76	C12	occupied	regular	\N	\N	1	12	3	6
45	D12	occupied	regular	\N	\N	1	12	5	5
25	A13	occupied	regular	\N	\N	1	13	0	3
96	B13	occupied	regular	\N	\N	1	13	2	7
92	C13	occupied	regular	\N	\N	1	13	3	7
46	D13	occupied	regular	\N	\N	1	13	5	5
81	B12	occupied	regular	\N	\N	1	12	2	6
97	B14	occupied	regular	\N	\N	1	14	2	7
93	C14	occupied	regular	\N	\N	1	14	3	7
47	D14	occupied	regular	\N	\N	1	14	5	5
26	A14	occupied	regular	\N	\N	1	14	0	3
94	C15	occupied	regular	\N	\N	1	15	3	7
30	A18	occupied	regular	\N	\N	1	18	0	3
51	D18	occupied	regular	\N	\N	1	18	5	5
48	D15	occupied	regular	\N	\N	1	15	5	5
57	B3	occupied	regular	\N	\N	1	3	2	5
28	A16	occupied	regular	\N	\N	1	16	0	3
95	C16	occupied	regular	\N	\N	1	16	3	7
29	A17	occupied	regular	\N	\N	1	17	0	3
50	D17	occupied	regular	\N	\N	1	17	5	5
31	A19	occupied	regular	\N	\N	1	19	0	3
32	D19	occupied	regular	\N	\N	1	19	5	4
62	A20	occupied	regular	\N	\N	1	20	0	6
33	D20	occupied	regular	\N	\N	1	20	5	4
63	A21	occupied	regular	\N	\N	1	21	0	6
34	D21	occupied	regular	\N	\N	1	21	5	4
64	A22	occupied	regular	\N	\N	1	22	0	6
35	D22	occupied	regular	\N	\N	1	22	5	4
65	A23	occupied	regular	\N	\N	1	23	0	6
36	D23	occupied	regular	\N	\N	1	23	5	4
37	D24	occupied	regular	\N	\N	1	24	5	4
67	A25	occupied	regular	\N	\N	1	25	0	6
38	D25	occupied	regular	\N	\N	1	25	5	4
68	A26	occupied	regular	\N	\N	1	26	0	6
39	D26	occupied	regular	\N	\N	1	26	5	4
69	A27	occupied	regular	\N	\N	1	27	0	6
40	D27	occupied	regular	\N	\N	1	27	5	4
70	A28	occupied	regular	\N	\N	1	28	0	6
41	D28	occupied	regular	\N	\N	1	28	5	4
71	A29	occupied	regular	\N	\N	1	29	0	6
82	A30	occupied	regular	\N	\N	1	30	0	7
83	A31	occupied	regular	\N	\N	1	31	0	7
84	A32	occupied	regular	\N	\N	1	32	0	7
85	A33	occupied	regular	\N	\N	1	33	0	7
86	A34	occupied	regular	\N	\N	1	34	0	7
87	A35	occupied	regular	\N	\N	1	35	0	7
88	A36	occupied	regular	\N	\N	1	36	0	7
89	A37	occupied	regular	\N	\N	1	37	0	7
90	A38	occupied	regular	\N	\N	1	38	0	7
91	A39	occupied	regular	\N	\N	1	39	0	7
98	B15	occupied	regular	\N	\N	1	15	2	7
100	A50	occupied	regular	15	12	1	1	1	3
99	B16	occupied	regular	\N	\N	1	16	2	7
66	A24	occupied	regular	\N	\N	1	24	0	6
1	A1	occupied	regular	\N	\N	1	1	0	2
\.


--
-- Data for Name: parking_reservation; Type: TABLE DATA; Schema: public; Owner: smart_user
--

COPY public.parking_reservation (id, license_plate, reservation_code, start_time, end_time, created_at, is_active, slot_id, user_id) FROM stdin;
2	TEST	E625D0AE	2026-05-09 22:28:00+00	2026-05-09 22:30:00+00	2026-05-09 22:27:22.836031+00	f	57	1
3	TTEDTG	ED3C757F	2026-05-09 22:39:00+00	2026-05-09 22:56:00+00	2026-05-09 22:38:55.98667+00	f	57	1
4	URYHD	39EA862E	2026-05-09 23:00:00+00	2026-05-09 23:17:00+00	2026-05-09 22:59:42.388326+00	f	50	1
5	U	5CB2CBB7	2026-05-09 23:00:00+00	2026-05-09 23:02:00+00	2026-05-09 23:00:38.801016+00	f	30	1
6	TEST	055683C8	2026-05-09 23:21:00+00	2026-05-09 23:53:00+00	2026-05-09 23:21:13.044651+00	f	30	1
7	TTTT	314F3EC2	2026-05-09 23:25:00+00	2026-05-09 23:42:00+00	2026-05-09 23:25:24.474801+00	f	94	1
1	ABC-123	55e	2026-05-13 09:54:57+00	2026-05-13 11:55:03+00	2026-05-08 18:49:42.17409+00	f	1	1
\.


--
-- Data for Name: parking_vehiclelog; Type: TABLE DATA; Schema: public; Owner: smart_user
--

COPY public.parking_vehiclelog (id, license_plate, entry_image, exit_image, entry_time, exit_time, total_fee, is_paid, car_embedding, car_color, is_inside, status, last_seen, last_camera_id, slot_id) FROM stdin;
351	ط٦أ	entry_pics/2026/05/14/image_CEk35oJ.jpg		2026-05-14 20:38:42.184242+00	\N	0.00	f	[0.054001837968826294, 0.01003835815936327, 0.038868408650159836, 0.03227788209915161, 0.02935389243066311, 0.034415315836668015, 0.0160719882696867, 0.0523732528090477, 0.0384085439145565, 0.01769545115530491, 0.022699087858200073, 0.06089552491903305, 0.049146994948387146, 0.038939859718084335, 0.06389937549829483, 0.010006778873503208, 0.11637286841869354, 0.06775325536727905, 0.02791765332221985, 0.00848719384521246, 0.029724566265940666, 0.00734147010371089, 0.08350028097629547, 0.040244702249765396, 0.008394605480134487, 0.04344043880701065, 0.06614279747009277, 0.021073272451758385, 0.041249074041843414, 0.026955803856253624, 0.024599485099315643, 0.029719466343522072, 0.017668800428509712, 0.02394617348909378, 0.008698449470102787, 0.02718857116997242, 0.04611115902662277, 0.061738282442092896, 0.05400696396827698, 0.05438654124736786, 0.025531001389026642, 0.03305433318018913, 0.020237138494849205, 0.07497407495975494, 0.006208848208189011, 0.03221530839800835, 0.016053615137934685, 0.09560489654541016, 0.046682219952344894, 0.05246279761195183, 0.01565198414027691, 0.02560596726834774, 0.014964916743338108, 0.035420939326286316, 0.07278718054294586, 0.045863643288612366, 0.02446182258427143, 0.025290433317422867, 0.05617041513323784, 0.04298019036650658, 0.035598594695329666, 0.04008413478732109, 0.024186881259083748, 0.050598107278347015, 0.02478245086967945, 0.025235049426555634, 0.007012329995632172, 0.014410932548344135, 0.08177461475133896, 0.02238238789141178, 0.13456496596336365, 0.12397108227014542, 0.025803299620747566, 0.021542739123106003, 0.008191290311515331, 0.007419283501803875, 0.0027565588243305683, 0.06989873945713043, 0.029202016070485115, 0.020160581916570663, 0.031056052073836327, 0.01202480960637331, 0.030610084533691406, 0.01260324101895094, 0.013247834518551826, 0.0334114208817482, 0.03561830520629883, 0.04565700888633728, 0.03982722759246826, 0.0076785944402217865, 0.041494935750961304, 0.0630330964922905, 0.05535396561026573, 0.04566638544201851, 0.008006846532225609, 0.01284997072070837, 0.020149238407611847, 0.018578393384814262, 0.04391747713088989, 0.02994593419134617, 0.007244936656206846, 0.07839412987232208, 0.002712056739255786, 0.018652090802788734, 0.02683008275926113, 0.0413716696202755, 0.010377935133874416, 0.02317088469862938, 0.018614817410707474, 0.05957787111401558, 0.03341161087155342, 0.08125292509794235, 0.044443897902965546, 0.057231344282627106, 0.03362902253866196, 0.059655748307704926, 0.038105178624391556, 0.023066826164722443, 0.06813899427652359, 0.027784282341599464, 0.037729356437921524, 0.014329265803098679, 0.11907928436994553, 0.028031958267092705, 0.02190467342734337, 0.09240536391735077, 0.007729723583906889, 0.017855431884527206, 0.033450279384851456, 0.018426695838570595, 0.007846280932426453, 0.021978383883833885, 0.013703139498829842, 0.020239003002643585, 0.0787782296538353, 0.03160407021641731, 0.02275974676012993, 0.0136494692414999, 0.019528796896338463, 0.006974820513278246, 0.07462635636329651, 0.09254292398691177, 0.007323109544813633, 0.01995491422712803, 0.011129661463201046, 0.02860173024237156, 0.009739238768815994, 0.037161875516176224, 0.022243140265345573, 0.0077254450879991055, 0.014993035234510899, 0.023052023723721504, 0.06976459175348282, 0.06749480962753296, 0.03967316448688507, 0.050827715545892715, 0.036839138716459274, 0.15929646790027618, 0.03492240607738495, 0.03193911164999008, 0.0324195995926857, 0.006659139879047871, 0.03706452623009682, 0.01073518581688404, 0.005381411407142878, 0.03169254586100578, 0.14524959027767181, 0.049592677503824234, 0.030419155955314636, 0.038204919546842575, 0.00860451627522707, 0.02950439415872097, 0.07114846259355545, 0.0024308201391249895, 0.018276583403348923, 0.033961210399866104, 0.025088651105761528, 0.04597059264779091, 0.012168839573860168, 0.013312553986907005, 0.010068596340715885, 0.027638571336865425, 0.02797657996416092, 0.02063530869781971, 0.027625292539596558, 0.016822608187794685, 0.018783822655677795, 0.04243989661335945, 0.03264451026916504, 0.01613394357264042, 0.01636076718568802, 0.018261386081576347, 0.02754361554980278, 0.02621404640376568, 0.03689280152320862, 0.034065742045640945, 0.027511104941368103, 0.018997251987457275, 0.10404855012893677, 0.010226691141724586, 0.02369121089577675, 0.029012590646743774, 0.04225970432162285, 0.03449823707342148, 0.02772243693470955, 0.057346541434526443, 0.03811821714043617, 0.009153598919510841, 0.10161914676427841, 0.004024646710604429, 0.0402853861451149, 0.016087260097265244, 0.04760434478521347, 0.024819590151309967, 0.044826678931713104, 0.026384122669696808, 0.024119699373841286, 0.03553292155265808, 0.05593980476260185, 0.01713639870285988, 0.011456475593149662, 0.012566857039928436, 0.006394797470420599, 0.022959014400839806, 0.04227273911237717, 0.005651781335473061, 0.1058502346277237, 0.037489425390958786, 0.012478915974497795, 0.02332778088748455, 0.0039116935804486275, 0.013737068511545658, 0.05825819447636604, 0.03820527344942093, 0.029999248683452606, 0.029751146212220192, 0.029049526900053024, 0.040139999240636826, 0.039565738290548325, 0.0203274916857481, 0.08518020063638687, 0.05702490359544754, 0.04420877620577812, 0.030118783935904503, 0.05360576510429382, 0.06400228291749954, 0.021474391222000122, 0.028472619131207466, 0.0008982881554402411, 0.013128266669809818, 0.04325161501765251, 0.04957463964819908, 0.005023973528295755, 0.10045474767684937, 0.048438671976327896, 0.013967445120215416, 0.06140833720564842, 0.01476686354726553, 0.07422605901956558, 0.029662618413567543, 0.02698284573853016, 0.013510419987142086, 0.013251028023660183, 0.03155239298939705, 0.007914611138403416, 0.018312666565179825, 0.02732023224234581, 0.03530597686767578, 0.008228962309658527, 0.029297174885869026, 0.009786085225641727, 0.0006693347240798175, 0.031168920919299126, 0.05874449759721756, 0.0037587143015116453, 0.03468678146600723, 0.017345856875181198, 0.039016757160425186, 0.03238516300916672, 0.0476190485060215, 0.10512706637382507, 0.01712045818567276, 0.01380144339054823, 0.03949236869812012, 0.034238312393426895, 0.04039463400840759, 0.04650568589568138, 0.010619734413921833, 0.02277264930307865, 0.07122105360031128, 0.04280000925064087, 0.07034138590097427, 0.015847131609916687, 0.013885241001844406, 0.010114499367773533, 0.022037487477064133, 0.01770314760506153, 0.020854035392403603, 0.049056753516197205, 0.11837152391672134, 0.04398240149021149, 0.012675539590418339, 0.06474900990724564, 0.0211046040058136, 0.008933601900935173, 0.03830357640981674, 0.05180158466100693, 0.020241403952240944, 0.011446090415120125, 0.028873391449451447, 0.04495380073785782, 0.07967093586921692, 0.00802241638302803, 0.013855783268809319, 0.03683127462863922, 0.024360785260796547, 0.015066740103065968, 0.02080944925546646, 0.0180653166025877, 0.04929477348923683, 0.037770096212625504, 0.04555053263902664, 0.05563005805015564, 0.03243326023221016, 0.026913896203041077, 0.0395372249186039, 0.1345706731081009, 0.028446082025766373, 0.05272676423192024, 0.011598140001296997, 0.020160239189863205, 0.010418999008834362, 0.03382474184036255, 0.017449557781219482, 0.016313225030899048, 0.03670450672507286, 0.055165499448776245, 0.022222649306058884, 0.021169280633330345, 0.037309784442186356, 0.03518439084291458, 0.017353197559714317, 0.01104008499532938, 0.02977665141224861, 0.04305161535739899, 0.0033959546126425266, 0.04601041227579117, 0.033314961940050125, 0.036158401519060135, 0.027693914249539375, 0.040140263736248016, 0.06849561631679535, 0.013666529208421707, 0.026677368208765984, 0.040727246552705765, 0.023404955863952637, 0.007358980365097523, 0.014170643873512745, 0.07352618128061295, 0.06582770496606827, 0.07905313372612, 0.0, 0.015969881787896156, 0.09406563639640808, 0.08631113916635513, 0.0433158315718174, 0.017483124509453773, 0.02675222046673298, 0.02182655967772007, 0.005583244375884533, 0.018545597791671753, 0.013406068086624146, 0.03979315236210823, 0.03452998772263527, 0.03146917000412941, 0.019940458238124847, 0.03699534386396408, 0.027318138629198074, 0.010366210713982582, 0.018263421952724457, 0.014186829328536987, 0.030028924345970154, 0.048494040966033936, 0.1271030157804489, 0.01320179644972086, 0.01757603883743286, 0.01551908627152443, 0.014843570068478584, 0.11954733729362488, 0.04056212306022644, 0.040323808789253235, 0.022632846608757973, 0.04965158924460411, 0.08246655017137527, 0.013634175062179565, 0.020006580278277397, 0.03823923319578171, 0.03160083293914795, 0.04591315984725952, 0.028704369440674782, 0.006431917659938335, 0.015537336468696594, 0.0879620611667633, 0.03313122317194939, 0.03953201696276665, 0.006433370057493448, 0.04859766364097595, 0.027270808815956116, 0.00509130721911788, 0.02496306411921978, 0.06781571358442307, 0.028748247772455215, 0.010545296594500542, 0.010644272901117802, 0.0373394638299942, 0.0287283044308424, 0.026046644896268845, 0.028181493282318115, 0.08444277197122574, 0.02869614213705063, 0.03928536921739578, 0.11509174108505249, 0.0575832799077034, 0.01987329311668873, 0.038484811782836914, 0.037827227264642715, 0.013615661300718784, 0.010302722454071045, 0.061940960586071014, 0.013932399451732635, 0.021186215803027153, 0.08363449573516846, 0.01734190806746483, 0.06836609542369843, 0.01910245791077614, 0.014028290286660194, 0.01174770388752222, 0.011756139807403088, 0.06294001638889313, 0.03756747022271156, 0.025729309767484665, 0.09343866258859634, 0.016354840248823166, 0.07310428470373154, 0.009018230251967907, 0.03710149973630905, 0.059266477823257446, 0.0179128535091877, 0.014154583215713501, 0.008120683953166008, 0.02547518163919449, 0.08305440098047256, 0.004551020450890064, 0.024355918169021606, 0.025391563773155212, 0.033168286085128784, 0.1289348602294922, 0.03879770636558533, 0.007372288499027491, 0.008650747127830982, 0.009203257039189339, 0.03290070965886116, 0.03439584746956825, 0.017676876857876778, 0.015966961160302162, 0.017401041463017464, 0.02907678484916687, 0.059817224740982056, 0.005592341534793377, 0.05757904797792435, 0.026553412899374962, 0.01725628226995468, 0.08327732235193253, 0.011860793456435204, 0.015031958930194378, 0.02351813018321991, 0.02851056307554245, 0.02692248858511448, 0.013837223872542381, 0.040794264525175095, 0.026409566402435303, 0.0019379719160497189, 0.013001613318920135, 0.06453917175531387, 0.04244222864508629, 0.05678187683224678, 0.10120102018117905, 0.08006232976913452, 0.017521575093269348, 0.034922026097774506, 0.01347337942570448, 0.07461642473936081, 0.008351496420800686, 0.04127497225999832, 0.013375910930335522, 0.04772940278053284, 0.045237939804792404, 0.09542405605316162, 0.05049527436494827, 0.033319178968667984, 0.022337976843118668, 0.06699342280626297, 0.03245141729712486, 0.08312201499938965, 0.07066401839256287, 0.04165525361895561, 0.1159098893404007, 0.09409427642822266, 0.054478950798511505, 0.012314396910369396, 0.02276056632399559, 0.012330149300396442]	white	t	moving	2026-05-14 20:38:52.914391+00	3	\N
352	و٥٦	entry_pics/2026/05/14/image_LAFqqsF.jpg		2026-05-14 20:38:51.208958+00	\N	0.00	f	[0.07665746659040451, 0.04137123003602028, 0.05482983961701393, 0.08028741180896759, 0.007187589071691036, 0.048653244972229004, 0.03878911957144737, 0.03554780036211014, 0.04723329469561577, 0.03766566514968872, 0.048495907336473465, 0.02367028035223484, 0.05924373120069504, 0.016609467566013336, 0.05633158981800079, 0.030336802825331688, 0.04027082771062851, 0.04050105810165405, 0.02458004653453827, 0.005686192773282528, 0.023335853591561317, 0.0032369494438171387, 0.06359412521123886, 0.048735566437244415, 0.007924231700599194, 0.05125710740685463, 0.047437697649002075, 0.020392876118421555, 0.0638936385512352, 0.01611471176147461, 0.047969769686460495, 0.007903440855443478, 0.032721709460020065, 0.029496686533093452, 0.03740667924284935, 0.029161348938941956, 0.03519962355494499, 0.07533871382474899, 0.038106534630060196, 0.022717604413628578, 0.053907617926597595, 0.046404577791690826, 0.0077490475960075855, 0.05143991485238075, 0.016239669173955917, 0.02041417360305786, 0.05443662777543068, 0.09338405728340149, 0.06034145504236221, 0.0313238799571991, 0.022321447730064392, 0.03840142861008644, 0.022052275016903877, 0.013768776319921017, 0.10754246264696121, 0.03967631235718727, 0.026127060875296593, 0.09032753854990005, 0.024960603564977646, 0.030947888270020485, 0.03929366171360016, 0.056468620896339417, 0.03183489292860031, 0.023087650537490845, 0.02886541560292244, 0.020120838657021523, 0.025055326521396637, 0.056853391230106354, 0.0381619930267334, 0.06873853504657745, 0.09124781936407089, 0.0419301800429821, 0.04562317952513695, 0.030174043029546738, 0.04251667857170105, 0.023841507732868195, 0.007577486336231232, 0.05745415389537811, 0.04120691493153572, 0.056859347969293594, 0.06396686285734177, 0.045091696083545685, 0.08320252597332001, 0.03087150678038597, 0.016440941020846367, 0.00885698851197958, 0.04303101822733879, 0.022688603028655052, 0.0533318854868412, 0.02201101742684841, 0.02531113661825657, 0.04331977665424347, 0.06601157784461975, 0.034122731536626816, 0.03096354752779007, 0.028957374393939972, 0.041833654046058655, 0.013786125928163528, 0.03130996972322464, 0.0475640669465065, 0.008717434480786324, 0.09916382282972336, 0.019777191802859306, 0.005345417186617851, 0.03979731723666191, 0.09172479808330536, 0.015533027239143848, 0.017704714089632034, 0.019557252526283264, 0.04189684987068176, 0.014453914947807789, 0.03300191089510918, 0.040426094084978104, 0.09415419399738312, 0.012285911478102207, 0.06050514057278633, 0.04823599010705948, 0.01332422811537981, 0.07292298227548599, 0.030397165566682816, 0.040275368839502335, 0.022920139133930206, 0.0833873450756073, 0.0416569709777832, 0.030145825818181038, 0.06749340146780014, 0.020017029717564583, 0.0231025330722332, 0.026553727686405182, 0.054631467908620834, 0.012417980469763279, 0.0323144756257534, 0.03935172036290169, 0.015796398743987083, 0.02668129839003086, 0.04102277383208275, 0.06443940103054047, 0.007654569111764431, 0.010442539118230343, 0.018430626019835472, 0.05996206775307655, 0.04415936395525932, 0.015619475394487381, 0.024465102702379227, 0.033716458827257156, 0.047849077731370926, 0.016485784202814102, 0.044781457632780075, 0.021054312586784363, 0.039760489016771317, 0.026362236589193344, 0.06574094295501709, 0.07575931400060654, 0.04180498793721199, 0.04151551425457001, 0.07784073799848557, 0.05145016312599182, 0.055245015770196915, 0.03469645604491234, 0.04754691198468208, 0.018627479672431946, 0.0069502112455666065, 0.01906566321849823, 0.03497200086712837, 0.013045459985733032, 0.03356208652257919, 0.054390810430049896, 0.03231962397694588, 0.08753449469804764, 0.005041527561843395, 0.003840132849290967, 0.05352991074323654, 0.09759650379419327, 0.03445598483085632, 0.009942874312400818, 0.03668313845992088, 0.025364626199007034, 0.05307330563664436, 0.022415529936552048, 0.031215477734804153, 0.046696800738573074, 0.05700180307030678, 0.05886712670326233, 0.007583956699818373, 0.03201674297451973, 0.02631874568760395, 0.026591205969452858, 0.039075467735528946, 0.0733909010887146, 0.006069284398108721, 0.04299033805727959, 0.007622904609888792, 0.022992519661784172, 0.04107041284441948, 0.046379417181015015, 0.03903673589229584, 0.05199167877435684, 0.033742018043994904, 0.04965591058135033, 0.019884314388036728, 0.024130946025252342, 0.0524040050804615, 0.08655108511447906, 0.024077558889985085, 0.017481008544564247, 0.044849567115306854, 0.03321611136198044, 0.02908465825021267, 0.03548127040266991, 0.01263752393424511, 0.031663887202739716, 0.024932265281677246, 0.06474094837903976, 0.024697573855519295, 0.05165506526827812, 0.017861446365714073, 0.025503670796751976, 0.03097010962665081, 0.03803487867116928, 0.04549454525113106, 0.018567945808172226, 0.016485612839460373, 0.019144389778375626, 0.05220775306224823, 0.03854410722851753, 0.027760664001107216, 0.04089624807238579, 0.033559948205947876, 0.009348672814667225, 0.03163236379623413, 0.042859937995672226, 0.021768834441900253, 0.04297519847750664, 0.044027626514434814, 0.035742223262786865, 0.01644463837146759, 0.027899811044335365, 0.05176636949181557, 0.030641606077551842, 0.03447069600224495, 0.036373063921928406, 0.04415339231491089, 0.03142409771680832, 0.024093499407172203, 0.06368516385555267, 0.05373389646410942, 0.015188437886536121, 0.0287647508084774, 0.021140674129128456, 0.02238893322646618, 0.03957607224583626, 0.03695163503289223, 0.00592079758644104, 0.030271969735622406, 0.04351765662431717, 0.03206035494804382, 0.04232882335782051, 0.025764165446162224, 0.06719900667667389, 0.01674041338264942, 0.01822667382657528, 0.024599740281701088, 0.015390878543257713, 0.028834668919444084, 0.023763110861182213, 0.0107717365026474, 0.036932919174432755, 0.05274809151887894, 0.01331611629575491, 0.05421933904290199, 0.009306350722908974, 0.010427952744066715, 0.05484072491526604, 0.05037805438041687, 0.04139057174324989, 0.05926990881562233, 0.03447182849049568, 0.012278730049729347, 0.04879602789878845, 0.029768671840429306, 0.031497564166784286, 0.031190035864710808, 0.028299769386649132, 0.03280141204595566, 0.03888349607586861, 0.029996251687407494, 0.021450595930218697, 0.035804472863674164, 0.03763896971940994, 0.07355861365795135, 0.04697263613343239, 0.06117715314030647, 0.0373968705534935, 0.0746494010090828, 0.013341711834073067, 0.004920670296996832, 0.01324651949107647, 0.10053428262472153, 0.061477113515138626, 0.16841398179531097, 0.02507493831217289, 0.0201657023280859, 0.09403811395168304, 0.06531320512294769, 0.012954656966030598, 0.04790586233139038, 0.038529153913259506, 0.015939736738801003, 0.03083636239171028, 0.024367909878492355, 0.05024003982543945, 0.09592423588037491, 0.01304597593843937, 0.021263839676976204, 0.044598836451768875, 0.020443251356482506, 0.01567855291068554, 0.02986282669007778, 0.017561014741659164, 0.04849638044834137, 0.024057094007730484, 0.0324111245572567, 0.08183804154396057, 0.028424587100744247, 0.04523318260908127, 0.05887582525610924, 0.022369496524333954, 0.021828394383192062, 0.0391760915517807, 0.0610266737639904, 0.021249359473586082, 0.031560834497213364, 0.026059137657284737, 0.029389692470431328, 0.013634862378239632, 0.04773979261517525, 0.0574524886906147, 0.03578156232833862, 0.03371118754148483, 0.056187018752098083, 0.019113147631287575, 0.029830140992999077, 0.027447843924164772, 0.05321967601776123, 0.09125635027885437, 0.019873475655913353, 0.052393652498722076, 0.0605008602142334, 0.01454498153179884, 0.03862639516592026, 0.0799018144607544, 0.042417820543050766, 0.02757725864648819, 0.03795935586094856, 0.09033533930778503, 0.041918180882930756, 0.016556616872549057, 0.025064891204237938, 0.032237082719802856, 0.02974051423370838, 0.07455682009458542, 0.015495304018259048, 0.02858353592455387, 0.04126757010817528, 0.05012783035635948, 0.015432896092534065, 0.020635971799492836, 0.026617130264639854, 0.005050535313785076, 0.010724084451794624, 0.015106208622455597, 0.009308481588959694, 0.040118686854839325, 0.034864962100982666, 0.02479589730501175, 0.023704949766397476, 0.0314803272485733, 0.010203009471297264, 0.03500053659081459, 0.02677028253674507, 0.025722121819853783, 0.026671508327126503, 0.03152943402528763, 0.14431260526180267, 0.00943757127970457, 0.004137325566262007, 0.01928621716797352, 0.028558120131492615, 0.08331918716430664, 0.07195568084716797, 0.026324668899178505, 0.03101777657866478, 0.027400637045502663, 0.04587176442146301, 0.03706265613436699, 0.012523110024631023, 0.04092730954289436, 0.06642144173383713, 0.015790030360221863, 0.027047883719205856, 0.025630922988057137, 0.027842923998832703, 0.06867237389087677, 0.06867653131484985, 0.04066828638315201, 0.008773773908615112, 0.04674196243286133, 0.07748585939407349, 0.020412124693393707, 0.011013376526534557, 0.06310669332742691, 0.04145268350839615, 0.0229524914175272, 0.012611531652510166, 0.045960914343595505, 0.02861613966524601, 0.06450003385543823, 0.02428678795695305, 0.052308689802885056, 0.03141336515545845, 0.03743589669466019, 0.04172346368432045, 0.044115882366895676, 0.04936576634645462, 0.030910758301615715, 0.03114602342247963, 0.02525872364640236, 0.009928598999977112, 0.035335082560777664, 0.06701312214136124, 0.015176687389612198, 0.06607639044523239, 0.029343992471694946, 0.06702222675085068, 0.07530174404382706, 0.008623016998171806, 0.010706696659326553, 0.03519352525472641, 0.06320245563983917, 0.04021160304546356, 0.026054393500089645, 0.08429063111543655, 0.00919957272708416, 0.07267923653125763, 0.04401937872171402, 0.04432827979326248, 0.053235866129398346, 0.013162740506231785, 0.026444600895047188, 0.013235513120889664, 0.039368245750665665, 0.009906893596053123, 0.006183466408401728, 0.03675662353634834, 0.05786750093102455, 0.031100451946258545, 0.09214095026254654, 0.0449083112180233, 0.025077877566218376, 0.020558902993798256, 0.04141246899962425, 0.0984540730714798, 0.03434945270419121, 0.01834004372358322, 0.029490357264876366, 0.01608082465827465, 0.035615723580121994, 0.07849142700433731, 0.010010137222707272, 0.07202419638633728, 0.02578606642782688, 0.009033740498125553, 0.04089035466313362, 0.042177148163318634, 0.027509134262800217, 0.03756934404373169, 0.02256518229842186, 0.03043220564723015, 0.016479918733239174, 0.029683388769626617, 0.04427558183670044, 0.013615706004202366, 0.01641496829688549, 0.08585918694734573, 0.10501277446746826, 0.04030371457338333, 0.03913785517215729, 0.08653801679611206, 0.04079451039433479, 0.03621906787157059, 0.06292090564966202, 0.09626491367816925, 0.013209844939410686, 0.034691810607910156, 0.015249291434884071, 0.021617194637656212, 0.0568702407181263, 0.04201734438538551, 0.07380781322717667, 0.043143730610609055, 0.033685605973005295, 0.05796205997467041, 0.03128748759627342, 0.07537682354450226, 0.04093445464968681, 0.04120483994483948, 0.04923354834318161, 0.06638890504837036, 0.06607972830533981, 0.04291892051696777, 0.028379255905747414, 0.017385130748152733]	brown	t	moving	2026-05-14 20:38:59.638082+00	3	\N
353	وى٨٧٦٦	entry_pics/2026/05/14/image_UfPMUgt.jpg		2026-05-14 20:38:56.622532+00	\N	0.00	f	[0.09432752430438995, 0.0371326245367527, 0.06764644384384155, 0.034783218055963516, 0.009995230473577976, 0.04500953480601311, 0.030417004600167274, 0.05500834062695503, 0.041598279029130936, 0.03423561528325081, 0.05965113639831543, 0.03581445291638374, 0.055160705000162125, 0.05033827945590019, 0.07117969542741776, 0.007670153398066759, 0.0800803080201149, 0.04038029536604881, 0.019920358434319496, 0.008385448716580868, 0.01803250052034855, 0.015690943226218224, 0.09916985034942627, 0.03068767488002777, 0.01103221345692873, 0.03323422372341156, 0.0423659011721611, 0.025260671973228455, 0.05061967298388481, 0.03312021866440773, 0.04354662820696831, 0.006325187161564827, 0.03183861821889877, 0.04820241779088974, 0.03575843572616577, 0.027609188109636307, 0.04429905116558075, 0.06230538338422775, 0.06185409054160118, 0.034536026418209076, 0.032442357391119, 0.0175868459045887, 0.012017610482871532, 0.09865473210811615, 0.016504624858498573, 0.012349809519946575, 0.033448103815317154, 0.08646781742572784, 0.05869285762310028, 0.0510266050696373, 0.033706944435834885, 0.046572230756282806, 0.008878769353032112, 0.017839163541793823, 0.07324457913637161, 0.08259226381778717, 0.01699965074658394, 0.08418665826320648, 0.04755232855677605, 0.038122620433568954, 0.033578865230083466, 0.0646798312664032, 0.04940960928797722, 0.035096175968647, 0.013010365888476372, 0.010087416507303715, 0.017465556040406227, 0.03718326985836029, 0.041796598583459854, 0.034317709505558014, 0.0861230120062828, 0.07009932398796082, 0.016015661880373955, 0.06926083564758301, 0.013456648215651512, 0.011834363453090191, 0.016967041417956352, 0.03303743153810501, 0.072036974132061, 0.03672054037451744, 0.03156102076172829, 0.046834975481033325, 0.05088610574603081, 0.022980360314249992, 0.007745831739157438, 0.019954830408096313, 0.033326223492622375, 0.0669795349240303, 0.03394756466150284, 0.007921788841485977, 0.02035139873623848, 0.029080761596560478, 0.06111787259578705, 0.027439160272479057, 0.034746840596199036, 0.015468273311853409, 0.03270526975393295, 0.026311339810490608, 0.03227556124329567, 0.051257554441690445, 0.005681327544152737, 0.07675283402204514, 0.015509502962231636, 0.02136494591832161, 0.04770169034600258, 0.08772353082895279, 0.008048437535762787, 0.015393265523016453, 0.02014022506773472, 0.04923572391271591, 0.017982374876737595, 0.04689706489443779, 0.05464426800608635, 0.07050088793039322, 0.021488714963197708, 0.06434838473796844, 0.04380079731345177, 0.01932225003838539, 0.06946665048599243, 0.025954052805900574, 0.08720504492521286, 0.00624161958694458, 0.11957459896802902, 0.04631464555859566, 0.039937134832143784, 0.09432163834571838, 0.009134531021118164, 0.014437680132687092, 0.049253061413764954, 0.027448879554867744, 0.014839176088571548, 0.016116153448820114, 0.019163252785801888, 0.009764023125171661, 0.06135925278067589, 0.06402343511581421, 0.03281373158097267, 0.008791323751211166, 0.00693867914378643, 0.020190617069602013, 0.1168903186917305, 0.08612585812807083, 0.0058451006188988686, 0.022444119676947594, 0.023398736491799355, 0.03968896344304085, 0.014694823883473873, 0.04277736321091652, 0.02795148454606533, 0.0241903867572546, 0.037627846002578735, 0.07690060138702393, 0.0820716917514801, 0.03949626162648201, 0.05780670791864395, 0.07629690319299698, 0.0363144725561142, 0.06897830218076706, 0.042121030390262604, 0.06348058581352234, 0.02600652351975441, 0.017471564933657646, 0.030010033398866653, 0.012717482633888721, 0.007044564466923475, 0.030780529603362083, 0.07834300398826599, 0.03273561969399452, 0.04856550320982933, 0.01505439355969429, 0.009295201860368252, 0.04961390420794487, 0.06314700096845627, 0.01779085211455822, 0.023202303797006607, 0.027394618839025497, 0.022420983761548996, 0.07421804219484329, 0.015259603038430214, 0.02165220119059086, 0.013849320821464062, 0.035743534564971924, 0.05320083722472191, 0.017649903893470764, 0.031243426725268364, 0.01156151294708252, 0.019762231037020683, 0.04583234712481499, 0.0959780365228653, 0.00837915949523449, 0.024984510615468025, 0.02068518102169037, 0.030503882095217705, 0.04792479798197746, 0.04546255245804787, 0.025948679074645042, 0.037268076092004776, 0.023289835080504417, 0.07034414261579514, 0.016510101035237312, 0.004793320782482624, 0.04859308898448944, 0.035068023949861526, 0.017142534255981445, 0.015317306853830814, 0.03676224872469902, 0.042974475771188736, 0.021937083452939987, 0.04801563173532486, 0.009416329674422741, 0.02994479425251484, 0.02346428856253624, 0.043902236968278885, 0.04273750260472298, 0.06461524963378906, 0.03601386025547981, 0.026182325556874275, 0.033464301377534866, 0.04436477646231651, 0.012246062979102135, 0.02266767807304859, 0.0028824503533542156, 0.010690150782465935, 0.039362017065286636, 0.029924269765615463, 0.019852500408887863, 0.033530257642269135, 0.03260911628603935, 0.023291219025850296, 0.017707081511616707, 0.016057929024100304, 0.019793469458818436, 0.06067533418536186, 0.017063647508621216, 0.05650525912642479, 0.016923829913139343, 0.045825615525245667, 0.03363668918609619, 0.027454402297735214, 0.04584129527211189, 0.04512019455432892, 0.022040732204914093, 0.03551964834332466, 0.015964658930897713, 0.08312463760375977, 0.028907667845487595, 0.010132498107850552, 0.05379410460591316, 0.005771883297711611, 0.0184995848685503, 0.034165218472480774, 0.030978171154856682, 0.0057913074269890785, 0.04267996922135353, 0.02756655216217041, 0.03789888322353363, 0.03372221440076828, 0.021804936230182648, 0.05942729488015175, 0.0290150735527277, 0.0299814622849226, 0.03460419178009033, 0.019543863832950592, 0.02748146466910839, 0.016106948256492615, 0.006822421681135893, 0.03864624723792076, 0.08247403055429459, 0.020309289917349815, 0.050973061472177505, 0.004746848717331886, 0.008306584320962429, 0.06550833582878113, 0.036465153098106384, 0.03278148174285889, 0.07691101729869843, 0.059563543647527695, 0.03235083818435669, 0.030617518350481987, 0.03787099942564964, 0.07268994301557541, 0.010323135182261467, 0.044880859553813934, 0.039356861263513565, 0.035860706120729446, 0.037471089512109756, 0.05572067201137543, 0.017488455399870872, 0.030704118311405182, 0.07355042546987534, 0.04806049168109894, 0.05771946161985397, 0.036124087870121, 0.07464599609375, 0.003073350992053747, 0.006795109715312719, 0.012412586249411106, 0.05621496960520744, 0.04116842523217201, 0.16342850029468536, 0.018118880689144135, 0.026262987405061722, 0.08518853038549423, 0.04944803565740585, 0.011235948652029037, 0.01852346770465374, 0.018311697989702225, 0.04612119495868683, 0.014539916068315506, 0.029201790690422058, 0.02988731488585472, 0.0803820937871933, 0.00855647400021553, 0.017195047810673714, 0.05212816223502159, 0.022528614848852158, 0.03202962875366211, 0.02526550367474556, 0.029995502904057503, 0.04727049544453621, 0.0651027262210846, 0.03283366188406944, 0.07663017511367798, 0.04606622830033302, 0.032268963754177094, 0.030908552929759026, 0.10471265017986298, 0.03719528019428253, 0.03469591587781906, 0.04685771465301514, 0.014979756437242031, 0.0587926022708416, 0.0238873902708292, 0.03054788149893284, 0.015463578514754772, 0.019231928512454033, 0.07332206517457962, 0.035773202776908875, 0.022875932976603508, 0.055352021008729935, 0.01879889704287052, 0.03392592817544937, 0.024244127795100212, 0.056215573102235794, 0.04245844855904579, 0.0173808466643095, 0.02374371327459812, 0.05702133849263191, 0.029092133045196533, 0.0328608863055706, 0.02468756213784218, 0.05817223712801933, 0.016278516501188278, 0.06442361325025558, 0.03999059274792671, 0.03213712200522423, 0.006550260819494724, 0.015189235098659992, 0.07815878838300705, 0.047407347708940506, 0.07604726403951645, 0.008372468873858452, 0.01895892806351185, 0.07605572789907455, 0.0712817832827568, 0.03359135612845421, 0.03503531217575073, 0.022355342283844948, 0.011255732737481594, 0.017459020018577576, 0.024909738451242447, 0.005812967196106911, 0.01731393113732338, 0.04507021605968475, 0.029442384839057922, 0.017197882756590843, 0.034453582018613815, 0.0049270568415522575, 0.040038641542196274, 0.028721587732434273, 0.027188139036297798, 0.017830170691013336, 0.05040827766060829, 0.1585223525762558, 0.00414426252245903, 0.004611394368112087, 0.015307709574699402, 0.022698702290654182, 0.09140722453594208, 0.04068826138973236, 0.01812298223376274, 0.0185933206230402, 0.045638520270586014, 0.05838651582598686, 0.04687120392918587, 0.02842300571501255, 0.027527136728167534, 0.05511651188135147, 0.01622631959617138, 0.049195632338523865, 0.013504077680408955, 0.01084085088223219, 0.09754006564617157, 0.04153997078537941, 0.03415136784315109, 0.0012099340092390776, 0.055956777185201645, 0.07073113322257996, 0.025878647342324257, 0.025150148198008537, 0.05647636577486992, 0.056517839431762695, 0.018918659538030624, 0.00903254747390747, 0.034621480852365494, 0.05703338608145714, 0.045667614787817, 0.02668641321361065, 0.10302522778511047, 0.01919945888221264, 0.042527493089437485, 0.021326694637537003, 0.029686346650123596, 0.021546130999922752, 0.02336978353559971, 0.034738875925540924, 0.02555045112967491, 0.007453732192516327, 0.06751859933137894, 0.041407305747270584, 0.007838327437639236, 0.08057906478643417, 0.02769124135375023, 0.04044137895107269, 0.0717826783657074, 0.007492794655263424, 0.0066542127169668674, 0.01596570573747158, 0.06643902510404587, 0.053390927612781525, 0.05133902281522751, 0.07568758726119995, 0.021531345322728157, 0.055137693881988525, 0.015997188165783882, 0.061592694371938705, 0.054946206510066986, 0.025568632408976555, 0.023529790341854095, 0.009499818086624146, 0.02940376102924347, 0.02749054692685604, 0.01596638560295105, 0.046639859676361084, 0.03788793087005615, 0.01072107907384634, 0.09112223982810974, 0.019702136516571045, 0.014375205151736736, 0.018789881840348244, 0.02057350054383278, 0.06089886277914047, 0.04223888739943504, 0.030789198353886604, 0.029602615162730217, 0.01838153973221779, 0.043907586485147476, 0.0442301481962204, 0.012334267608821392, 0.0553753636777401, 0.027738632634282112, 0.013588597998023033, 0.059057850390672684, 0.03089005872607231, 0.017315508797764778, 0.035252250730991364, 0.004133804701268673, 0.03028464876115322, 0.014430820941925049, 0.02135196141898632, 0.05319029837846756, 0.007854525931179523, 0.01822349615395069, 0.07565353065729141, 0.0551021471619606, 0.06851960718631744, 0.06872253119945526, 0.07925905287265778, 0.02657661773264408, 0.02403382584452629, 0.054514896124601364, 0.05791190639138222, 0.028543462976813316, 0.028071915730834007, 0.007701929192990065, 0.027273286134004593, 0.054375916719436646, 0.031145870685577393, 0.0657772347331047, 0.025353750213980675, 0.036811258643865585, 0.041920844465494156, 0.04498854652047157, 0.06071021035313606, 0.0587715208530426, 0.020017849281430244, 0.0592980720102787, 0.07435452193021774, 0.05435912311077118, 0.040671974420547485, 0.03146214783191681, 0.0119122713804245]	blue	t	moving	2026-05-14 20:39:12.205293+00	3	\N
355	لب٥٣٦٣٢	entry_pics/2026/05/14/image_luUn7ui.jpg		2026-05-14 20:39:50.395554+00	\N	0.00	f	[0.05215153843164444, 0.029091643169522285, 0.06790254265069962, 0.054433148354291916, 0.004223911557346582, 0.07364778965711594, 0.03212776780128479, 0.022257233038544655, 0.051712051033973694, 0.048341140151023865, 0.024409200996160507, 0.011986673809587955, 0.06865771859884262, 0.014517228119075298, 0.0576617531478405, 0.018622716888785362, 0.02913539670407772, 0.04225656017661095, 0.019203295931220055, 0.009109958074986935, 0.02349221147596836, 0.00421567726880312, 0.05420979857444763, 0.05173635110259056, 0.0012394832447171211, 0.044294919818639755, 0.037061598151922226, 0.029528800398111343, 0.06344138830900192, 0.01751875691115856, 0.05127260088920593, 0.023271676152944565, 0.024063175544142723, 0.04124109819531441, 0.024224843829870224, 0.030103478580713272, 0.0372733511030674, 0.08323512226343155, 0.05162077024579048, 0.05210712552070618, 0.05048080161213875, 0.05270378664135933, 0.006829389370977879, 0.07596389949321747, 0.027669886127114296, 0.015803879126906395, 0.045040398836135864, 0.06876344978809357, 0.07705827057361603, 0.027850104495882988, 0.022278908640146255, 0.0611039437353611, 0.011034179478883743, 0.01974591426551342, 0.08790840953588486, 0.05782834440469742, 0.02678455226123333, 0.054451584815979004, 0.01896488294005394, 0.043650612235069275, 0.03537299484014511, 0.04062135890126228, 0.032165784388780594, 0.017931634560227394, 0.012935608625411987, 0.02082323282957077, 0.02971714921295643, 0.04190456494688988, 0.06658374518156052, 0.034397486597299576, 0.1066736951470375, 0.0352245569229126, 0.041439663618803024, 0.02765830233693123, 0.017063798382878304, 0.009533868171274662, 0.004563767928630114, 0.01567128114402294, 0.05207210034132004, 0.028144780546426773, 0.10191686451435089, 0.0328848622739315, 0.0827355831861496, 0.04571491479873657, 0.013152572326362133, 0.010334108956158161, 0.05044793710112572, 0.009693479165434837, 0.04457848146557808, 0.01147925853729248, 0.019555872306227684, 0.03826506435871124, 0.07017773389816284, 0.021777039393782616, 0.03669573739171028, 0.012520674616098404, 0.022163324058055878, 0.015497256070375443, 0.039139728993177414, 0.03295018896460533, 0.012041742913424969, 0.09522411972284317, 0.010380574502050877, 0.015521361492574215, 0.04855642840266228, 0.09369482100009918, 0.004038235638290644, 0.019393622875213623, 0.027526691555976868, 0.035054080188274384, 0.01987401768565178, 0.09218594431877136, 0.03885072469711304, 0.10025836527347565, 0.02070842869579792, 0.04761567711830139, 0.051228564232587814, 0.010241095907986164, 0.08002907037734985, 0.030428774654865265, 0.0667092353105545, 0.018022717908024788, 0.08919985592365265, 0.03458191081881523, 0.033929191529750824, 0.11452340334653854, 0.007780608255416155, 0.028290728107094765, 0.04062630981206894, 0.02980792336165905, 0.023658620193600655, 0.026860764250159264, 0.03256821259856224, 0.011548605747520924, 0.04772185534238815, 0.03005197085440159, 0.03180790692567825, 0.008054964244365692, 0.018658099696040154, 0.020849140360951424, 0.04922579973936081, 0.05540427193045616, 0.01186306867748499, 0.03172057867050171, 0.021945331245660782, 0.04757712036371231, 0.030818942934274673, 0.025723788887262344, 0.04127099737524986, 0.061550602316856384, 0.0331270806491375, 0.0780840516090393, 0.07223871350288391, 0.048545755445957184, 0.080783911049366, 0.046052031219005585, 0.051955338567495346, 0.05891938507556915, 0.020988840609788895, 0.04973744973540306, 0.02751474641263485, 0.007084198761731386, 0.029138388112187386, 0.01308076549321413, 0.007325359620153904, 0.043987397104501724, 0.07888846844434738, 0.07556809484958649, 0.05853378772735596, 0.013578340411186218, 0.004756351467221975, 0.0385918952524662, 0.07518145442008972, 0.014100798405706882, 0.010030539706349373, 0.030410245060920715, 0.027069667354226112, 0.04920244216918945, 0.03203822672367096, 0.02492862194776535, 0.060788899660110474, 0.060198187828063965, 0.08519511669874191, 0.005666922777891159, 0.01926683448255062, 0.012095456942915916, 0.00946585088968277, 0.040650464594364166, 0.08126729726791382, 0.008823202922940254, 0.0473029799759388, 0.011619333177804947, 0.021828746423125267, 0.054543636739254, 0.04139254614710808, 0.04091443493962288, 0.0444987453520298, 0.05106719210743904, 0.07581441104412079, 0.02739522233605385, 0.011874438263475895, 0.026206761598587036, 0.04798724502325058, 0.009871779009699821, 0.02066303975880146, 0.05763552710413933, 0.03208593651652336, 0.03074253350496292, 0.03346001356840134, 0.022064901888370514, 0.03082301840186119, 0.010382524691522121, 0.05553177371621132, 0.025544291362166405, 0.06974540650844574, 0.021591605618596077, 0.013721436262130737, 0.04713774472475052, 0.02476179040968418, 0.029541267082095146, 0.02805580012500286, 0.008011855185031891, 0.006932803429663181, 0.03460906445980072, 0.029190244153141975, 0.021092340350151062, 0.07889879494905472, 0.03613830357789993, 0.01589314639568329, 0.019343983381986618, 0.027199797332286835, 0.025343019515275955, 0.04755217954516411, 0.049681562930345535, 0.02262657880783081, 0.012928745709359646, 0.04081808775663376, 0.03243523836135864, 0.029343418776988983, 0.026990115642547607, 0.024311767891049385, 0.0456964485347271, 0.043451640754938126, 0.013165557757019997, 0.08760859817266464, 0.04216102510690689, 0.00967333558946848, 0.05107878893613815, 0.021954068914055824, 0.025789590552449226, 0.03931204229593277, 0.03550376370549202, 0.005108170211315155, 0.05548369884490967, 0.05146840587258339, 0.023195767775177956, 0.0488438680768013, 0.02214011736214161, 0.06084451451897621, 0.03184898570179939, 0.019371148198843002, 0.01922662928700447, 0.035155631601810455, 0.04184075817465782, 0.023259298875927925, 0.009237058460712433, 0.035551656037569046, 0.048501089215278625, 0.01940200850367546, 0.05843224748969078, 0.018233533948659897, 0.007831712253391743, 0.026444630697369576, 0.06934182345867157, 0.04039686173200607, 0.10205245763063431, 0.02428298071026802, 0.018874743953347206, 0.04860025271773338, 0.03501985967159271, 0.07080405205488205, 0.016627170145511627, 0.04068028926849365, 0.03378988429903984, 0.024959074333310127, 0.04827605187892914, 0.022191733121871948, 0.02848067507147789, 0.03766482323408127, 0.0710260421037674, 0.04183501750230789, 0.05928972363471985, 0.04571014642715454, 0.03645765781402588, 0.009476877748966217, 0.002579914638772607, 0.008844583295285702, 0.06684857606887817, 0.08634375780820847, 0.18366868793964386, 0.022905265912413597, 0.019577398896217346, 0.10708168148994446, 0.03595241531729698, 0.007670850958675146, 0.039414551109075546, 0.03587035462260246, 0.025419725105166435, 0.019913626834750175, 0.021631630137562752, 0.03314141929149628, 0.09110214561223984, 0.007056327536702156, 0.015492057427763939, 0.03283160924911499, 0.019564339891076088, 0.013873500749468803, 0.02727440930902958, 0.006234044209122658, 0.0426185317337513, 0.04918423295021057, 0.030438821762800217, 0.06984639912843704, 0.04858504980802536, 0.056059580296278, 0.050522953271865845, 0.02526315487921238, 0.024080660194158554, 0.05351002886891365, 0.018658949062228203, 0.015358120203018188, 0.016396939754486084, 0.0443161204457283, 0.01427481323480606, 0.025779126212000847, 0.024613866582512856, 0.05105973407626152, 0.02377374842762947, 0.019406164065003395, 0.07032766938209534, 0.03664851561188698, 0.02615140564739704, 0.00872341450303793, 0.059097860008478165, 0.0506511926651001, 0.012206205166876316, 0.038419876247644424, 0.04568937420845032, 0.030555929988622665, 0.026592612266540527, 0.04813946783542633, 0.034488245844841, 0.013246721588075161, 0.01801101677119732, 0.10707040131092072, 0.02848009392619133, 0.016221892088651657, 0.035582780838012695, 0.032274551689624786, 0.04129393398761749, 0.07998774200677872, 0.016201384365558624, 0.023539507761597633, 0.040100470185279846, 0.0377267561852932, 0.024483103305101395, 0.03008037619292736, 0.03999149426817894, 0.007167424540966749, 0.018677525222301483, 0.015097887255251408, 0.004464353900402784, 0.02131759747862816, 0.0167030431330204, 0.010663858614861965, 0.013948800042271614, 0.040878888219594955, 0.007520971819758415, 0.03020925261080265, 0.031129805371165276, 0.029402118176221848, 0.013975078240036964, 0.0378081239759922, 0.12090037763118744, 0.010005595162510872, 0.009005093947052956, 0.025349615141749382, 0.017667675390839577, 0.10886307805776596, 0.09787359833717346, 0.032612401992082596, 0.02162124216556549, 0.022599684074521065, 0.08778795599937439, 0.024973571300506592, 0.013949149288237095, 0.04612420126795769, 0.028392450883984566, 0.023758715018630028, 0.029087739065289497, 0.006507297046482563, 0.008985191583633423, 0.07110167294740677, 0.08414115756750107, 0.04942982643842697, 0.0073321424424648285, 0.047910723835229874, 0.06031784787774086, 0.02040489949285984, 0.006806089077144861, 0.06198330223560333, 0.029471615329384804, 0.032023511826992035, 0.020557774230837822, 0.03836914524435997, 0.05068761110305786, 0.02997903898358345, 0.009753361344337463, 0.06828285753726959, 0.01659436896443367, 0.046842191368341446, 0.021765325218439102, 0.027833255007863045, 0.0691147893667221, 0.02534259483218193, 0.030216358602046967, 0.011621255427598953, 0.01974847912788391, 0.03584529459476471, 0.042831458151340485, 0.01712091453373432, 0.0701848715543747, 0.012423668056726456, 0.07224569469690323, 0.045340102165937424, 0.015226251445710659, 0.012508937157690525, 0.020511502400040627, 0.05119846761226654, 0.027112144976854324, 0.06450571119785309, 0.12974520027637482, 0.055216092616319656, 0.04392574355006218, 0.027650749310851097, 0.02790703997015953, 0.06693601608276367, 0.020938556641340256, 0.018223339691758156, 0.013630726374685764, 0.020609715953469276, 0.013504674658179283, 0.0077176643535494804, 0.03391282260417938, 0.055066224187612534, 0.01698262244462967, 0.1063208356499672, 0.06520947068929672, 0.02421492338180542, 0.009577320888638496, 0.04395250603556633, 0.062098223716020584, 0.0251382477581501, 0.01777692697942257, 0.02798617072403431, 0.013182932510972023, 0.05168954282999039, 0.02514359913766384, 0.01587376743555069, 0.07408987730741501, 0.012562127783894539, 0.010531255044043064, 0.043446846306324005, 0.02435462549328804, 0.02941250242292881, 0.036600444465875626, 0.02932112105190754, 0.023420492187142372, 0.04028470814228058, 0.02915577031672001, 0.017830414697527885, 0.00525617366656661, 0.03572538122534752, 0.05668700113892555, 0.08890487998723984, 0.03393146023154259, 0.02058180794119835, 0.13422252237796783, 0.02312629297375679, 0.04052598029375076, 0.036306049674749374, 0.10133114457130432, 0.011616028845310211, 0.02445411868393421, 0.015366211533546448, 0.0145528893917799, 0.036557670682668686, 0.03996441140770912, 0.03932495042681694, 0.029267393052577972, 0.019244764000177383, 0.08067765831947327, 0.034762702882289886, 0.06918556243181229, 0.047873206436634064, 0.05506138131022453, 0.05466758459806442, 0.05358384922146797, 0.04388001188635826, 0.0469420962035656, 0.01658315770328045, 0.02271658182144165]	blue	t	moving	2026-05-14 20:40:08.945787+00	2	\N
356	سبق٧٩٥	entry_pics/2026/05/14/image_JEvdpNG.jpg		2026-05-14 20:39:54.409795+00	\N	0.00	f	[0.06645449995994568, 0.009443917311728, 0.05441230535507202, 0.05890806019306183, 0.01960916630923748, 0.05179889500141144, 0.03906206414103508, 0.027676701545715332, 0.04534972459077835, 0.031122514978051186, 0.026933632791042328, 0.01903250254690647, 0.041443001478910446, 0.013165134005248547, 0.06235934793949127, 0.027823595330119133, 0.042043428868055344, 0.05778614059090614, 0.017383640632033348, 0.006163121201097965, 0.032602496445178986, 0.0016134596662595868, 0.06415555626153946, 0.0561600886285305, 0.008006639778614044, 0.053571686148643494, 0.06297913193702698, 0.02049679309129715, 0.04154156893491745, 0.029470721259713173, 0.047219324856996536, 0.007158525288105011, 0.03581071272492409, 0.05731886625289917, 0.017601918429136276, 0.006900198757648468, 0.0225844569504261, 0.036731794476509094, 0.04630153626203537, 0.043211232870817184, 0.04511985927820206, 0.03614800423383713, 0.01744270697236061, 0.110724076628685, 0.013629737310111523, 0.013431956991553307, 0.03166677802801132, 0.07385299354791641, 0.0592418871819973, 0.016591928899288177, 0.030336517840623856, 0.050422921776771545, 0.009850921109318733, 0.0145683279260993, 0.08353447914123535, 0.03466936945915222, 0.017213376238942146, 0.039266228675842285, 0.01042749173939228, 0.031026391312479973, 0.04474826157093048, 0.060535941272974014, 0.02004486322402954, 0.038359761238098145, 0.0441417470574379, 0.01577562838792801, 0.007163400296121836, 0.04840697720646858, 0.045484304428100586, 0.02262250706553459, 0.057170502841472626, 0.0444161519408226, 0.059655364602804184, 0.02809605374932289, 0.022000784054398537, 0.025913268327713013, 0.00766771798953414, 0.039654698222875595, 0.04427841678261757, 0.04115435108542442, 0.0585433654487133, 0.029690304771065712, 0.030387496575713158, 0.057799387723207474, 0.0072927880100905895, 0.005784817971289158, 0.024220110848546028, 0.019693465903401375, 0.023349734023213387, 0.010330088436603546, 0.023727620020508766, 0.03243029862642288, 0.05962839722633362, 0.040179669857025146, 0.04762116074562073, 0.027313902974128723, 0.018322696909308434, 0.021813776344060898, 0.05113671347498894, 0.019640665501356125, 0.019485939294099808, 0.09149637073278427, 0.03597923368215561, 0.01512770727276802, 0.031220817938447, 0.07746031880378723, 0.008496953174471855, 0.029385071247816086, 0.03271440044045448, 0.05163956806063652, 0.020313972607254982, 0.08070974051952362, 0.03161419555544853, 0.04877616465091705, 0.021174494177103043, 0.04622016102075577, 0.01965305395424366, 0.008721578866243362, 0.08979931473731995, 0.06203760951757431, 0.0644306167960167, 0.0412648543715477, 0.060534510761499405, 0.057479407638311386, 0.024296369403600693, 0.055682796984910965, 0.026356864720582962, 0.009548676200211048, 0.006843807641416788, 0.028376635164022446, 0.03266452997922897, 0.03486103564500809, 0.04324943572282791, 0.0073500387370586395, 0.023263972252607346, 0.017897117882966995, 0.049379851669073105, 0.013412874191999435, 0.019549190998077393, 0.008142240345478058, 0.05708298832178116, 0.08493459969758987, 0.005546181462705135, 0.02067418396472931, 0.030447227880358696, 0.0309776421636343, 0.024942222982645035, 0.06407364457845688, 0.0562768392264843, 0.012311998754739761, 0.058880001306533813, 0.0878828912973404, 0.09529002755880356, 0.06871835142374039, 0.0608762726187706, 0.0909498780965805, 0.07100915908813477, 0.05309627950191498, 0.020927323028445244, 0.04548594728112221, 0.018579300493001938, 0.008604701608419418, 0.02482275292277336, 0.023597300052642822, 0.010393425822257996, 0.033386435359716415, 0.07900434732437134, 0.03237954154610634, 0.07232758402824402, 0.010663985274732113, 0.004231935832649469, 0.06155184656381607, 0.07753857970237732, 0.028082450851798058, 0.007295632269233465, 0.037875350564718246, 0.013418527320027351, 0.05998118966817856, 0.012320205569267273, 0.03452980890870094, 0.03136631101369858, 0.0609714575111866, 0.033761464059352875, 0.01878408156335354, 0.04709948971867561, 0.010857301764190197, 0.012409660965204239, 0.037558384239673615, 0.04935189709067345, 0.0023611849173903465, 0.07185781747102737, 0.011131341569125652, 0.01831413060426712, 0.05082998052239418, 0.0513715036213398, 0.016916219145059586, 0.05272134765982628, 0.032726895064115524, 0.11112987995147705, 0.010436050593852997, 0.01637284643948078, 0.049509692937135696, 0.028037436306476593, 0.014545578509569168, 0.017905162647366524, 0.06406007707118988, 0.042697325348854065, 0.09039770066738129, 0.06024545058608055, 0.027095573022961617, 0.03544747456908226, 0.022508015856146812, 0.050325918942689896, 0.030276263132691383, 0.05053199455142021, 0.015689127147197723, 0.02497101202607155, 0.029249222949147224, 0.04327298328280449, 0.033991750329732895, 0.017239509150385857, 0.0012248834827914834, 0.08045689016580582, 0.02874520979821682, 0.04457966610789299, 0.007853045128285885, 0.07337886095046997, 0.01785266399383545, 0.029435858130455017, 0.028525518253445625, 0.024871958419680595, 0.027972595766186714, 0.02266867645084858, 0.03904091566801071, 0.03573552519083023, 0.02477220445871353, 0.01806054823100567, 0.05351767688989639, 0.03992072492837906, 0.025361862033605576, 0.056303173303604126, 0.03109770640730858, 0.02838004380464554, 0.02896684594452381, 0.044989656656980515, 0.05142660439014435, 0.022204946726560593, 0.05675220116972923, 0.024376986548304558, 0.013183388859033585, 0.043991878628730774, 0.03253469243645668, 0.015169435180723667, 0.047862738370895386, 0.0330730602145195, 0.020589889958500862, 0.04249158129096031, 0.028321601450443268, 0.03740810975432396, 0.024028697982430458, 0.024677561596035957, 0.040198590606451035, 0.010981455445289612, 0.019536036998033524, 0.01005634106695652, 0.011667570099234581, 0.023021958768367767, 0.04035329446196556, 0.011555160395801067, 0.031959813088178635, 0.01333038229495287, 0.0016700651030987501, 0.03238317370414734, 0.01420245785266161, 0.011809565126895905, 0.04546208307147026, 0.05106067657470703, 0.03730911388993263, 0.06026430055499077, 0.03137928247451782, 0.0356123112142086, 0.020971575751900673, 0.014128482900559902, 0.04664812609553337, 0.02630949206650257, 0.03296865522861481, 0.04252542927861214, 0.0262673981487751, 0.03858158364892006, 0.0738026425242424, 0.042959295213222504, 0.04237973317503929, 0.04989224299788475, 0.04107445850968361, 0.01287939865142107, 0.006523285061120987, 0.013589916750788689, 0.07182703167200089, 0.10651347041130066, 0.16811081767082214, 0.013649718835949898, 0.01418311893939972, 0.07386117428541183, 0.04333033785223961, 0.01464550569653511, 0.05817541480064392, 0.03411626070737839, 0.014506785199046135, 0.023865798488259315, 0.03444459289312363, 0.05676652118563652, 0.13084907829761505, 0.013029064983129501, 0.01893562451004982, 0.054567914456129074, 0.008740086108446121, 0.02723824977874756, 0.031925659626722336, 0.01678447425365448, 0.04956357926130295, 0.0764351561665535, 0.029694385826587677, 0.09034191817045212, 0.019532712176442146, 0.03596420958638191, 0.034527309238910675, 0.03554819896817207, 0.036862995475530624, 0.05895258113741875, 0.023515423759818077, 0.010197227820754051, 0.014675919897854328, 0.04714707285165787, 0.034249406307935715, 0.036023128777742386, 0.02784423716366291, 0.06720475107431412, 0.061719879508018494, 0.04196883365511894, 0.08577051013708115, 0.01565655507147312, 0.02008834294974804, 0.014972773380577564, 0.04296392574906349, 0.07370658963918686, 0.009160732850432396, 0.09696980565786362, 0.039966218173503876, 0.02676219306886196, 0.03844643384218216, 0.06031785160303116, 0.06170962378382683, 0.03390773758292198, 0.011719484813511372, 0.032368894666433334, 0.04928496479988098, 0.024720454588532448, 0.026255376636981964, 0.03939976915717125, 0.0534881092607975, 0.0861923024058342, 0.011727876961231232, 0.021542396396398544, 0.03283066302537918, 0.0727049931883812, 0.042589541524648666, 0.020467516034841537, 0.02214045077562332, 0.008348184637725353, 0.02461065910756588, 0.01277005486190319, 0.0028736162930727005, 0.013845434412360191, 0.03571941703557968, 0.024248510599136353, 0.029672352597117424, 0.07019414752721786, 0.016683710739016533, 0.019658321514725685, 0.020197952166199684, 0.012790254317224026, 0.016727274283766747, 0.016421984881162643, 0.14394207298755646, 0.010202151723206043, 0.009789842180907726, 0.04145367443561554, 0.023414628580212593, 0.1490902304649353, 0.10636135190725327, 0.015621935948729515, 0.01788697950541973, 0.08404066413640976, 0.0559360608458519, 0.024922089651226997, 0.011409984901547432, 0.02640020102262497, 0.04128909111022949, 0.01062434259802103, 0.01040132436901331, 0.012806592509150505, 0.02795066125690937, 0.056840527802705765, 0.053799085319042206, 0.0395791120827198, 0.009779182262718678, 0.06427863985300064, 0.07523231208324432, 0.010780282318592072, 0.03172093629837036, 0.03826683387160301, 0.019382422789931297, 0.018203843384981155, 0.01400100626051426, 0.047657161951065063, 0.030628830194473267, 0.03416461870074272, 0.01970626972615719, 0.05215210095047951, 0.042528849095106125, 0.036047447472810745, 0.030859963968396187, 0.03635996952652931, 0.028794024139642715, 0.021767642349004745, 0.027397049590945244, 0.015228698961436749, 0.024514522403478622, 0.034685052931308746, 0.07008319348096848, 0.011032323352992535, 0.09296871721744537, 0.012602933682501316, 0.02648133970797062, 0.035940930247306824, 0.02983764000236988, 0.0042046173475682735, 0.028378931805491447, 0.049093667417764664, 0.02524212747812271, 0.01705256849527359, 0.07953409105539322, 0.023070478811860085, 0.0641653761267662, 0.031046699732542038, 0.049221377819776535, 0.038530439138412476, 0.011101452633738518, 0.02288973517715931, 0.02359742671251297, 0.03082451969385147, 0.02702748402953148, 0.0031437743455171585, 0.040564313530921936, 0.04287596791982651, 0.006447227671742439, 0.16940030455589294, 0.027803538367152214, 0.01970122754573822, 0.015567345544695854, 0.03425442799925804, 0.09715878963470459, 0.044146377593278885, 0.021801384165883064, 0.03713707625865936, 0.02436375990509987, 0.01792752742767334, 0.02240244671702385, 0.01937115006148815, 0.0592208057641983, 0.014167852699756622, 0.004694788716733456, 0.0364835225045681, 0.018720783293247223, 0.02768583595752716, 0.048858392983675, 0.005384527612477541, 0.07409411668777466, 0.021828774362802505, 0.02173435129225254, 0.02113739587366581, 0.00595323508605361, 0.008006312884390354, 0.0650462955236435, 0.06503180414438248, 0.04367200285196304, 0.07513846457004547, 0.09299617260694504, 0.01554160937666893, 0.037478286772966385, 0.034783244132995605, 0.09467537701129913, 0.01598714105784893, 0.018391529098153114, 0.015185949392616749, 0.017695115879178047, 0.028937850147485733, 0.022948725149035454, 0.10341653972864151, 0.042163968086242676, 0.02355814538896084, 0.06279522180557251, 0.019791411235928535, 0.06253400444984436, 0.07431862503290176, 0.045310936868190765, 0.0336814820766449, 0.0608905553817749, 0.026009121909737587, 0.05558103322982788, 0.028486285358667374, 0.013243167661130428]	blue	t	moving	2026-05-14 20:40:12.928778+00	2	\N
357	٦	entry_pics/2026/05/14/image_kh353NC.jpg		2026-05-14 20:40:15.897246+00	\N	0.00	f	[0.059083811938762665, 0.013198312371969223, 0.03861568495631218, 0.017862455919384956, 0.016193971037864685, 0.02988763339817524, 0.012649845331907272, 0.04450676962733269, 0.04418531805276871, 0.02159775048494339, 0.012712771072983742, 0.025150766596198082, 0.028391245752573013, 0.040922872722148895, 0.05401681363582611, 0.031113220378756523, 0.09248019009828568, 0.06519215553998947, 0.022343039512634277, 0.0023738958407193422, 0.03396353870630264, 0.007591658737510443, 0.05533500388264656, 0.05015147104859352, 0.012597107328474522, 0.0615835078060627, 0.06338264048099518, 0.021546898409724236, 0.027080748230218887, 0.03065732680261135, 0.04224427789449692, 0.020843656733632088, 0.013481482863426208, 0.04771651700139046, 0.018227797001600266, 0.027713075280189514, 0.0458085723221302, 0.04478791356086731, 0.03260371461510658, 0.06536973267793655, 0.03618377447128296, 0.03391699865460396, 0.03417548909783363, 0.06811162829399109, 0.007431976031512022, 0.009071978740394115, 0.03259004279971123, 0.05332934483885765, 0.10010965168476105, 0.018588140606880188, 0.018376125022768974, 0.04008730873465538, 0.0037668547593057156, 0.03854220733046532, 0.0820879191160202, 0.06345263868570328, 0.01462267991155386, 0.011741082184016705, 0.06240257993340492, 0.013387828134000301, 0.0519830659031868, 0.01212433073669672, 0.03496326133608818, 0.01758548803627491, 0.03286650404334068, 0.02515985630452633, 0.006508645601570606, 0.02977890707552433, 0.04656610265374184, 0.01567530445754528, 0.10089743882417679, 0.03820810094475746, 0.025121433660387993, 0.0330379493534565, 0.005169454496353865, 0.010844659060239792, 0.017133334651589394, 0.04231252148747444, 0.026352882385253906, 0.02173588238656521, 0.05440165102481842, 0.02770068123936653, 0.007573565002530813, 0.023171523585915565, 0.00596830528229475, 0.024944284930825233, 0.032052814960479736, 0.045803140848875046, 0.02394653670489788, 0.013560718856751919, 0.036596428602933884, 0.03598533943295479, 0.05770578235387802, 0.03719772771000862, 0.010461712256073952, 0.006992895621806383, 0.03460581228137016, 0.02482268400490284, 0.074268639087677, 0.010893052443861961, 0.005426480900496244, 0.07870239019393921, 0.007283810526132584, 0.0233518835157156, 0.014132365584373474, 0.06639932841062546, 0.0019955344032496214, 0.021010104566812515, 0.02251845970749855, 0.05183560773730278, 0.023683438077569008, 0.09949325770139694, 0.043637387454509735, 0.06683772802352905, 0.03739894554018974, 0.06006815657019615, 0.05724039673805237, 0.01881084404885769, 0.06750451028347015, 0.028832264244556427, 0.05598745122551918, 0.01196407899260521, 0.10672168433666229, 0.06627387553453445, 0.028204485774040222, 0.08508171141147614, 0.012097208760678768, 0.00799539778381586, 0.04219483211636543, 0.03681734949350357, 0.006359153892844915, 0.016449706628918648, 0.04481381177902222, 0.014498475007712841, 0.03800783306360245, 0.01929282397031784, 0.04170161113142967, 0.009210558608174324, 0.023541877046227455, 0.011892145499587059, 0.08521349728107452, 0.1619129627943039, 0.013864461332559586, 0.01116142701357603, 0.013584904372692108, 0.010934886522591114, 0.01800641231238842, 0.043220557272434235, 0.028698278591036797, 0.009712889790534973, 0.017369242385029793, 0.04759976640343666, 0.09892244637012482, 0.096158966422081, 0.05306103825569153, 0.062754325568676, 0.05974391847848892, 0.10577715188264847, 0.028530599549412727, 0.0449344664812088, 0.03531326726078987, 0.003091981168836355, 0.01665325090289116, 0.01760195940732956, 0.004613072611391544, 0.030178718268871307, 0.0989464521408081, 0.02567252330482006, 0.02831617370247841, 0.04797167330980301, 0.00860920362174511, 0.03141714632511139, 0.07842451333999634, 0.007833186537027359, 0.009549525566399097, 0.021153375506401062, 0.025539180263876915, 0.0453769713640213, 0.00980612076818943, 0.015610425733029842, 0.015762969851493835, 0.03330627828836441, 0.07774584740400314, 0.006755019538104534, 0.03765390068292618, 0.010652539320290089, 0.027354395017027855, 0.022290177643299103, 0.021117553114891052, 0.0021594564896076918, 0.02839949168264866, 0.03604181483387947, 0.033695898950099945, 0.09229233115911484, 0.05249220132827759, 0.04078907147049904, 0.03361121192574501, 0.023358264937996864, 0.1087687537074089, 0.01656673476099968, 0.00589802535250783, 0.03453890234231949, 0.02333451248705387, 0.01206959132105112, 0.011302191764116287, 0.04723014310002327, 0.01889151893556118, 0.01975115016102791, 0.07122249156236649, 0.0023730676621198654, 0.07168248295783997, 0.00915530975908041, 0.04959956556558609, 0.05821000784635544, 0.034960050135850906, 0.002074452117085457, 0.024108752608299255, 0.04612481966614723, 0.02716139331459999, 0.01798984967172146, 0.01381734199821949, 0.010990492068231106, 0.015728803351521492, 0.034875281155109406, 0.048877228051424026, 0.012504637241363525, 0.08330529928207397, 0.03122205100953579, 0.02616184763610363, 0.025224342942237854, 0.004354895558208227, 0.01378872524946928, 0.05760882794857025, 0.0377533994615078, 0.05391879379749298, 0.04343104735016823, 0.008363318629562855, 0.02241964265704155, 0.0406656488776207, 0.022146075963974, 0.06647668778896332, 0.023456968367099762, 0.05434984713792801, 0.02052297815680504, 0.02598707377910614, 0.017771365121006966, 0.027480315417051315, 0.08408050239086151, 0.0064569637179374695, 0.014531604945659637, 0.028671884909272194, 0.054322682321071625, 0.011889694258570671, 0.08077100664377213, 0.03476322442293167, 0.01345043070614338, 0.0407363586127758, 0.018599316477775574, 0.09826741367578506, 0.01606512814760208, 0.015187944285571575, 0.030486643314361572, 0.02649291604757309, 0.013870003633201122, 0.00833122618496418, 0.006375851575285196, 0.025101006031036377, 0.03893324360251427, 0.01649920456111431, 0.017298631370067596, 0.009308727458119392, 0.0, 0.025781676173210144, 0.054706327617168427, 0.0053727817721664906, 0.025935763493180275, 0.02511330135166645, 0.014819624833762646, 0.06330249458551407, 0.07117224484682083, 0.0695325955748558, 0.019108368083834648, 0.012598305940628052, 0.028195466846227646, 0.01803351566195488, 0.03831387311220169, 0.05454353988170624, 0.009918461553752422, 0.027751635760068893, 0.13325388729572296, 0.039965998381376266, 0.04069012403488159, 0.029474852606654167, 0.026062417775392532, 0.005594213027507067, 0.00817891675978899, 0.018923411145806313, 0.03398790583014488, 0.10276506841182709, 0.14995655417442322, 0.024845128878951073, 0.021082179620862007, 0.07800928503274918, 0.05267610400915146, 0.01537387166172266, 0.014956826344132423, 0.044942617416381836, 0.012065311893820763, 0.020420551300048828, 0.025651996955275536, 0.038136523216962814, 0.08845964074134827, 0.011842814274132252, 0.020870497450232506, 0.024123935028910637, 0.017954228445887566, 0.02833743952214718, 0.03434855863451958, 0.02433885633945465, 0.04240058735013008, 0.053691018372774124, 0.06802744418382645, 0.08637304604053497, 0.03568766266107559, 0.029199961572885513, 0.03515762835741043, 0.12543131411075592, 0.03347037732601166, 0.021854816004633904, 0.016034940257668495, 0.018477940931916237, 0.009446579031646252, 0.05607647821307182, 0.006273048929870129, 0.040780045092105865, 0.031532205641269684, 0.03825867921113968, 0.0305183082818985, 0.03793033957481384, 0.03803413361310959, 0.0113786980509758, 0.035769835114479065, 0.012705765664577484, 0.04980466887354851, 0.05208633467555046, 0.004035093355923891, 0.03334595635533333, 0.043136075139045715, 0.03299949690699577, 0.02394276112318039, 0.013545033521950245, 0.08840958029031754, 0.015758858993649483, 0.019090501591563225, 0.04542164131999016, 0.032208822667598724, 0.01914309523999691, 0.01818036288022995, 0.04807724803686142, 0.04487065225839615, 0.06556393206119537, 0.0018873314838856459, 0.012406212277710438, 0.10503360629081726, 0.04861672967672348, 0.01532959658652544, 0.02140709012746811, 0.02284907177090645, 0.03994083032011986, 0.017794445157051086, 0.014580456539988518, 0.013098041526973248, 0.01041389536112547, 0.04999206215143204, 0.032153915613889694, 0.025256555527448654, 0.053859107196331024, 0.010619590990245342, 0.011124370619654655, 0.030020123347640038, 0.0072610704228281975, 0.030867934226989746, 0.032298099249601364, 0.11854306608438492, 0.014495352283120155, 0.032650381326675415, 0.00973046850413084, 0.012848429381847382, 0.12478084117174149, 0.059838663786649704, 0.03856024518609047, 0.023055817931890488, 0.07018658518791199, 0.04672854393720627, 0.038979314267635345, 0.014518209733068943, 0.06182381510734558, 0.007930894382297993, 0.030751150101423264, 0.023315025493502617, 0.023647727444767952, 0.01751597411930561, 0.1064920425415039, 0.029393527656793594, 0.040398094803094864, 0.001528441091068089, 0.0490005761384964, 0.026942269876599312, 0.005802002269774675, 0.03204395994544029, 0.04576973244547844, 0.02482021041214466, 0.011880744248628616, 0.018893076106905937, 0.0587109811604023, 0.02885633148252964, 0.037533074617385864, 0.01931023970246315, 0.07130672037601471, 0.029532674700021744, 0.040186185389757156, 0.04280512407422066, 0.019066447392106056, 0.00679005915299058, 0.035313576459884644, 0.036168456077575684, 0.008517120964825153, 0.01095933560281992, 0.04385055974125862, 0.029294336214661598, 0.016444317996501923, 0.14361049234867096, 0.0184212364256382, 0.040550004690885544, 0.020558180287480354, 0.02832918055355549, 0.0043406435288488865, 0.01948443241417408, 0.05365618318319321, 0.04331814870238304, 0.01572800613939762, 0.08928827941417694, 0.01330807525664568, 0.09835147112607956, 0.010426285676658154, 0.028735855594277382, 0.04322870075702667, 0.004269647877663374, 0.01868749037384987, 0.03127549961209297, 0.03749077394604683, 0.07972828298807144, 0.0016042289789766073, 0.03364840894937515, 0.04588095098733902, 0.028137989342212677, 0.1490752249956131, 0.012473314069211483, 0.013531100004911423, 0.009444371797144413, 0.005858658347278833, 0.03684421628713608, 0.030997471883893013, 0.04910460114479065, 0.04919751361012459, 0.007623422425240278, 0.03219509497284889, 0.021143324673175812, 0.008780784904956818, 0.07967186719179153, 0.02155255898833275, 0.00477834977209568, 0.09176452457904816, 0.003977225162088871, 0.01715746521949768, 0.00882737711071968, 0.015246277675032616, 0.04401606321334839, 0.013218731619417667, 0.02099870704114437, 0.01583508588373661, 0.0072641982696950436, 0.013293856754899025, 0.0700131207704544, 0.05679657682776451, 0.060065243393182755, 0.06359604746103287, 0.07613705843687057, 0.031071864068508148, 0.045347440987825394, 0.023794790729880333, 0.0583178773522377, 0.022575605660676956, 0.039850279688835144, 0.010984075255692005, 0.00422130711376667, 0.034793656319379807, 0.03417615219950676, 0.10356175154447556, 0.01823006197810173, 0.024164510890841484, 0.06359229236841202, 0.023441068828105927, 0.07043708115816116, 0.05295708402991295, 0.045493386685848236, 0.06348508596420288, 0.10908213257789612, 0.09367084503173828, 0.022311145439743996, 0.014746093191206455, 0.014082208275794983]	silver	t	moving	2026-05-14 20:40:20.256443+00	2	\N
358	عجط٦٧	entry_pics/2026/05/14/image_Kc0lKjl.jpg		2026-05-14 20:40:20.401944+00	\N	0.00	f	[0.07397455722093582, 0.01837332360446453, 0.05727372691035271, 0.0491517148911953, 0.0009846611646935344, 0.05278368666768074, 0.027137642726302147, 0.03146751597523689, 0.05422999709844589, 0.03433825448155403, 0.03696348890662193, 0.009084166027605534, 0.04479481652379036, 0.010881549678742886, 0.05624393746256828, 0.016951847821474075, 0.05447462946176529, 0.060700275003910065, 0.018465233966708183, 0.007342400960624218, 0.0249976497143507, 0.005109743215143681, 0.06630448997020721, 0.04550928249955177, 0.010708458721637726, 0.059134237468242645, 0.028531858697533607, 0.022902488708496094, 0.06708680838346481, 0.021289726719260216, 0.037716593593358994, 0.018231652677059174, 0.03129202127456665, 0.03920896351337433, 0.007961520925164223, 0.015658607706427574, 0.031117478385567665, 0.07016180455684662, 0.062104348093271255, 0.039019834250211716, 0.05183931067585945, 0.05334080010652542, 0.00631756242364645, 0.08274471014738083, 0.025389619171619415, 0.014009431935846806, 0.05206162482500076, 0.07208862155675888, 0.07673928886651993, 0.020259488373994827, 0.030652564018964767, 0.04720376059412956, 0.01357322372496128, 0.01497832965105772, 0.1006181538105011, 0.06898071616888046, 0.02012990042567253, 0.04609687998890877, 0.024965651333332062, 0.039272140711545944, 0.058073922991752625, 0.044033803045749664, 0.036934539675712585, 0.023219360038638115, 0.04027969017624855, 0.027714507654309273, 0.014095799066126347, 0.05357016250491142, 0.053436748683452606, 0.018078945577144623, 0.09058380872011185, 0.04138687998056412, 0.047711487859487534, 0.024386269971728325, 0.01688390038907528, 0.010650033131241798, 0.002322765998542309, 0.026388103142380714, 0.07695742696523666, 0.035990674048662186, 0.07623903453350067, 0.039953891187906265, 0.04884042590856552, 0.036888472735881805, 0.01759490557014942, 0.01302112266421318, 0.059705086052417755, 0.0143112912774086, 0.046682585030794144, 0.012098648585379124, 0.016516994684934616, 0.05343056842684746, 0.06853243708610535, 0.03659342974424362, 0.03204519301652908, 0.015556801110506058, 0.020774254575371742, 0.012754448689520359, 0.024893488734960556, 0.032061509788036346, 0.011906049214303493, 0.08657709509134293, 0.019910551607608795, 0.007051519583910704, 0.03559498488903046, 0.09845860302448273, 0.014890718273818493, 0.019379997625947, 0.007693530526012182, 0.029568355530500412, 0.026169149205088615, 0.057021308690309525, 0.04821615666151047, 0.041698116809129715, 0.023629415780305862, 0.053059227764606476, 0.03235072270035744, 0.00873054563999176, 0.06758192181587219, 0.03253357484936714, 0.05460914224386215, 0.017464013770222664, 0.08980634808540344, 0.034092977643013, 0.03517245128750801, 0.08589812368154526, 0.02586071752011776, 0.011001991108059883, 0.02164018154144287, 0.0385621003806591, 0.010465497151017189, 0.023691996932029724, 0.036489564925432205, 0.016914350911974907, 0.03224778547883034, 0.018979033455252647, 0.044262081384658813, 0.007809493225067854, 0.014402984641492367, 0.013555217534303665, 0.06780768930912018, 0.044136893004179, 0.012306278571486473, 0.01282438263297081, 0.023044800385832787, 0.06168001890182495, 0.015142287127673626, 0.041884493082761765, 0.0461401641368866, 0.04158429428935051, 0.03419556841254234, 0.05327996984124184, 0.06430978327989578, 0.06089971214532852, 0.04843769967556, 0.06150679662823677, 0.04290629178285599, 0.0435042530298233, 0.026841003447771072, 0.03940330445766449, 0.022720275446772575, 0.010841259732842445, 0.02012467570602894, 0.018412144854664803, 0.011255326680839062, 0.028279276564717293, 0.09697799384593964, 0.03355802223086357, 0.03951714560389519, 0.026472337543964386, 0.00882604531943798, 0.06371975690126419, 0.106552354991436, 0.018917301669716835, 0.006721612066030502, 0.04480069503188133, 0.016589868813753128, 0.04550907760858536, 0.011437307111918926, 0.026862595230340958, 0.015965651720762253, 0.04858619347214699, 0.04899081587791443, 0.010716371238231659, 0.03369564563035965, 0.007393787615001202, 0.024317367002367973, 0.045183099806308746, 0.07860223203897476, 0.004316569771617651, 0.040191520005464554, 0.012706068344414234, 0.018998950719833374, 0.02515435218811035, 0.05968302860856056, 0.03039337322115898, 0.044811371713876724, 0.036796003580093384, 0.08706057071685791, 0.011722075752913952, 0.018067268654704094, 0.048843830823898315, 0.026808543130755424, 0.024450311437249184, 0.017842547968029976, 0.06597372144460678, 0.011108807288110256, 0.043489571660757065, 0.0314776636660099, 0.018408913165330887, 0.03641048073768616, 0.014484325423836708, 0.07447636127471924, 0.027968809008598328, 0.07484909147024155, 0.00995279848575592, 0.018399346619844437, 0.04049183055758476, 0.024548277258872986, 0.05090915784239769, 0.012975379824638367, 0.0031318452674895525, 0.014366068877279758, 0.04568083584308624, 0.04944693669676781, 0.032227206975221634, 0.10774838179349899, 0.04557161033153534, 0.02644636295735836, 0.0223458893597126, 0.014791563153266907, 0.01830805279314518, 0.01944429613649845, 0.03851905092597008, 0.02121916227042675, 0.020718833431601524, 0.011140733025968075, 0.056028906255960464, 0.037232447415590286, 0.02651367522776127, 0.04078570380806923, 0.029927421361207962, 0.05572456121444702, 0.021619269624352455, 0.08252087980508804, 0.03130912035703659, 0.01774049550294876, 0.06762654334306717, 0.009192128665745258, 0.013691257685422897, 0.04819684475660324, 0.04107818007469177, 0.014606387354433537, 0.07641100883483887, 0.044541697949171066, 0.02797345444560051, 0.04132355377078056, 0.02557961456477642, 0.06106986477971077, 0.028815774247050285, 0.013059175573289394, 0.04317062720656395, 0.028241069987416267, 0.022661205381155014, 0.011867726221680641, 0.010960463434457779, 0.01563921943306923, 0.019771357998251915, 0.034459490329027176, 0.04923086613416672, 0.01754721812903881, 0.005218006204813719, 0.020167462527751923, 0.035797398537397385, 0.0300174281001091, 0.05437786504626274, 0.02702481299638748, 0.037347182631492615, 0.046768322587013245, 0.03133705258369446, 0.05673014745116234, 0.00757633987814188, 0.04714684933423996, 0.039346612989902496, 0.029856769368052483, 0.05946289002895355, 0.03761674836277962, 0.014520060271024704, 0.04280702769756317, 0.07234513014554977, 0.0370899923145771, 0.055884648114442825, 0.05102768540382385, 0.05061465501785278, 0.012593640945851803, 0.010189204476773739, 0.0077990018762648106, 0.0687858983874321, 0.10873385518789291, 0.16409310698509216, 0.026730023324489594, 0.014098485931754112, 0.14389002323150635, 0.029360461980104446, 0.004738586023449898, 0.03050982765853405, 0.05594531074166298, 0.017374593764543533, 0.026506921276450157, 0.023909805342555046, 0.04309629648923874, 0.12135116755962372, 0.01533436868339777, 0.021510086953639984, 0.04414810985326767, 0.020002931356430054, 0.0272329431027174, 0.03354903310537338, 0.019830338656902313, 0.0369424968957901, 0.05569324269890785, 0.04960102215409279, 0.07042071223258972, 0.036170877516269684, 0.03609544783830643, 0.035181257873773575, 0.020431308075785637, 0.031205514445900917, 0.04357653111219406, 0.02867760695517063, 0.01270205806940794, 0.026674669235944748, 0.03939741477370262, 0.018991073593497276, 0.02572157420217991, 0.027917200699448586, 0.055033013224601746, 0.04111693054437637, 0.025435473769903183, 0.051886186003685, 0.018188802525401115, 0.027108589187264442, 0.010435660369694233, 0.038963984698057175, 0.06622788310050964, 0.015463650226593018, 0.04823106527328491, 0.027590664103627205, 0.020782222971320152, 0.021785279735922813, 0.038733188062906265, 0.06645474582910538, 0.024664686992764473, 0.022498873993754387, 0.06651510298252106, 0.03101232275366783, 0.03105800226330757, 0.014123933389782906, 0.025163400918245316, 0.06532835960388184, 0.10367133468389511, 0.00563316373154521, 0.013193618506193161, 0.0507563017308712, 0.06006281077861786, 0.009309553541243076, 0.018229791894555092, 0.021674277260899544, 0.0052613201551139355, 0.012174288742244244, 0.022346891462802887, 0.015014871023595333, 0.015275790356099606, 0.04955856502056122, 0.008128510788083076, 0.017761394381523132, 0.06112544983625412, 0.010758073069155216, 0.029693827033042908, 0.026419134810566902, 0.024195581674575806, 0.03300587832927704, 0.031042790040373802, 0.16198241710662842, 0.020977694541215897, 0.01853027008473873, 0.04527368023991585, 0.017722122371196747, 0.11050751060247421, 0.1382545679807663, 0.03724898025393486, 0.019105758517980576, 0.02605898305773735, 0.06465210020542145, 0.02044212631881237, 0.020644284784793854, 0.04170254245400429, 0.018217330798506737, 0.026994986459612846, 0.02386622689664364, 0.020317651331424713, 0.03858879953622818, 0.06682641059160233, 0.08309877663850784, 0.04608597978949547, 0.020288987085223198, 0.053268611431121826, 0.057663775980472565, 0.010401799343526363, 0.011114943772554398, 0.054254673421382904, 0.021014494821429253, 0.022862479090690613, 0.018462341278791428, 0.0648946464061737, 0.028240030631422997, 0.031199699267745018, 0.011307397857308388, 0.047987859696149826, 0.03148413449525833, 0.037823181599378586, 0.01600331999361515, 0.04312915354967117, 0.020800791680812836, 0.022660961374640465, 0.04434160888195038, 0.018977558240294456, 0.010354661382734776, 0.04703545570373535, 0.02648218721151352, 0.035920727998018265, 0.050613969564437866, 0.027349131181836128, 0.058598048985004425, 0.05237174406647682, 0.025975273922085762, 0.005914716515690088, 0.02946392446756363, 0.07725690305233002, 0.03298068791627884, 0.03538285940885544, 0.10329622775316238, 0.012624379247426987, 0.05723613500595093, 0.04085639864206314, 0.03695409372448921, 0.055943794548511505, 0.02376909740269184, 0.030480679124593735, 0.016693782061338425, 0.036371588706970215, 0.06781607121229172, 0.007361825555562973, 0.03057880699634552, 0.023750795051455498, 0.012835663743317127, 0.1525319516658783, 0.03164762258529663, 0.04489116743206978, 0.01409940142184496, 0.0352182500064373, 0.06432244926691055, 0.03190666064620018, 0.04521596059203148, 0.035130783915519714, 0.009507608599960804, 0.03270944952964783, 0.053864866495132446, 0.03292224556207657, 0.06328466534614563, 0.005016342271119356, 0.01465681940317154, 0.03574764356017113, 0.023328499868512154, 0.026364773511886597, 0.015088442713022232, 0.019368799403309822, 0.045506156980991364, 0.022493695840239525, 0.017533257603645325, 0.014394604600965977, 0.011468076147139072, 0.030519424006342888, 0.06617899239063263, 0.07576829940080643, 0.04843582585453987, 0.029966875910758972, 0.1443641036748886, 0.05630166083574295, 0.04126441478729248, 0.05201348662376404, 0.07637713849544525, 0.006197699345648289, 0.02847956493496895, 0.028362929821014404, 0.04018762707710266, 0.024319589138031006, 0.04189109802246094, 0.028146060183644295, 0.0319950133562088, 0.008520405739545822, 0.07288771122694016, 0.0351530984044075, 0.058493927121162415, 0.0624716579914093, 0.04335295408964157, 0.0455344058573246, 0.07210370898246765, 0.042689353227615356, 0.024685094133019447, 0.014911824837327003, 0.023520594462752342]	silver	t	moving	2026-05-14 20:40:25.724208+00	2	\N
354	نطل٩٤٢	entry_pics/2026/05/14/image_Q7g3cpb.jpg		2026-05-14 20:39:42.927238+00	\N	0.00	f	[0.10182955861091614, 0.015354949980974197, 0.04675925895571709, 0.030661694705486298, 0.007823942229151726, 0.03840028867125511, 0.02432069182395935, 0.03710084781050682, 0.03535095229744911, 0.022508051246404648, 0.03313955292105675, 0.027753734961152077, 0.05225896090269089, 0.04105290025472641, 0.045627132058143616, 0.013471166603267193, 0.11870153248310089, 0.07386214286088943, 0.011248216964304447, 0.0065017640590667725, 0.03853236511349678, 0.0015092253452166915, 0.08077623695135117, 0.03562476485967636, 0.008015278726816177, 0.04913385212421417, 0.052782945334911346, 0.021371008828282356, 0.05861124023795128, 0.023959489539265633, 0.05073326826095581, 0.011210775934159756, 0.043192241340875626, 0.039220478385686874, 0.02646593563258648, 0.01483217254281044, 0.0866844654083252, 0.043563712388277054, 0.053761258721351624, 0.05409079045057297, 0.028874732553958893, 0.035280875861644745, 0.022669397294521332, 0.1028217226266861, 0.005654491949826479, 0.00900585949420929, 0.024516580626368523, 0.07437622547149658, 0.055788684636354446, 0.049017731100320816, 0.041413091123104095, 0.026232901960611343, 0.015872251242399216, 0.03597182035446167, 0.07971613109111786, 0.060385458171367645, 0.009200532920658588, 0.046130500733852386, 0.03456074744462967, 0.006692306138575077, 0.050370316952466965, 0.06467963010072708, 0.0323016457259655, 0.027425492182374, 0.014970511198043823, 0.02486611343920231, 0.007411714643239975, 0.04376387223601341, 0.03839264065027237, 0.012317655608057976, 0.1139109805226326, 0.08559617400169373, 0.02325693517923355, 0.04459858685731888, 0.0071065714582800865, 0.010495869442820549, 0.015156074427068233, 0.04604020714759827, 0.037237413227558136, 0.023320486769080162, 0.0401989109814167, 0.013508067466318607, 0.016833461821079254, 0.011570996604859829, 0.0031689179595559835, 0.018028276041150093, 0.04943384602665901, 0.0466105081140995, 0.021693453192710876, 0.01430469285696745, 0.044838398694992065, 0.02565077878534794, 0.05785046145319939, 0.031658172607421875, 0.014600422233343124, 0.013012007810175419, 0.017663441598415375, 0.020995264872908592, 0.045823775231838226, 0.029978174716234207, 0.005249328445643187, 0.07889910787343979, 0.01686583273112774, 0.022329844534397125, 0.03451709821820259, 0.08098022639751434, 0.006828772369772196, 0.019577443599700928, 0.021020401269197464, 0.06457048654556274, 0.03588156774640083, 0.07367239147424698, 0.04596235975623131, 0.04714798927307129, 0.04024170711636543, 0.04974158853292465, 0.047797560691833496, 0.011521145701408386, 0.0630817860364914, 0.013746174052357674, 0.0369812473654747, 0.00991943757981062, 0.10707992315292358, 0.04223022609949112, 0.02582770586013794, 0.062165699899196625, 0.006585863884538412, 0.01771085150539875, 0.02314632758498192, 0.02767108753323555, 0.026059206575155258, 0.010173805989325047, 0.02959442511200905, 0.004470566753298044, 0.054539844393730164, 0.021019361913204193, 0.05834062024950981, 0.0053786239586770535, 0.020045340061187744, 0.011966012418270111, 0.06965122371912003, 0.10019760578870773, 0.01516832783818245, 0.022241296246647835, 0.016871511936187744, 0.02255265600979328, 0.01507718488574028, 0.03958100825548172, 0.01638657972216606, 0.01657497137784958, 0.016155323013663292, 0.05095957964658737, 0.07077480107545853, 0.06073254346847534, 0.02466926909983158, 0.06755983084440231, 0.04458115994930267, 0.10146661847829819, 0.029452504590153694, 0.05017559602856636, 0.019769122824072838, 0.018888434395194054, 0.036377180367708206, 0.011879597790539265, 0.0041838595643639565, 0.022392405197024345, 0.14109382033348083, 0.04062427952885628, 0.04360107332468033, 0.04147571325302124, 0.008964380249381065, 0.027349695563316345, 0.0938795655965805, 0.00934035237878561, 0.010495486669242382, 0.027876418083906174, 0.009375907480716705, 0.033394988626241684, 0.01388520561158657, 0.01587868668138981, 0.014201288111507893, 0.026312323287129402, 0.07148084789514542, 0.005711688660085201, 0.011642955243587494, 0.01948419399559498, 0.019913101568818092, 0.03147866949439049, 0.07709594070911407, 0.0010290059726685286, 0.04997652769088745, 0.02563338726758957, 0.021450601518154144, 0.06281980127096176, 0.02421071194112301, 0.05735097825527191, 0.025926172733306885, 0.01146647334098816, 0.09779682010412216, 0.005369453690946102, 0.005522160325199366, 0.04785648360848427, 0.052718665450811386, 0.027682747691869736, 0.011143947020173073, 0.07755023241043091, 0.031227290630340576, 0.009572183713316917, 0.0810052827000618, 0.009634935297071934, 0.051913656294345856, 0.01862451806664467, 0.04727226868271828, 0.05045396462082863, 0.05565318465232849, 0.019042326137423515, 0.019358845427632332, 0.053604669868946075, 0.029983770102262497, 0.022237468510866165, 0.015339739620685577, 0.0069519151002168655, 0.009938285686075687, 0.03280951455235481, 0.04153343290090561, 0.018228579312562943, 0.0932343453168869, 0.04938144609332085, 0.010648011229932308, 0.027088617905974388, 0.003790429327636957, 0.005719909910112619, 0.06621617823839188, 0.055431731045246124, 0.03257760405540466, 0.053832586854696274, 0.008797050453722477, 0.0568084791302681, 0.03314943239092827, 0.01820533722639084, 0.0724424198269844, 0.03652803972363472, 0.04570820555090904, 0.034869804978370667, 0.07357978820800781, 0.03231330215930939, 0.0148961516097188, 0.055842526257038116, 0.011336992494761944, 0.005393295548856258, 0.02542610466480255, 0.057174842804670334, 0.0017754811560735106, 0.07104424387216568, 0.016275679692626, 0.026675214990973473, 0.049209218472242355, 0.020250044763088226, 0.08695358037948608, 0.018427275121212006, 0.02001684159040451, 0.026456287130713463, 0.03217560425400734, 0.010476055555045605, 0.004722073674201965, 0.008160065859556198, 0.010611691512167454, 0.04249763861298561, 0.019615771248936653, 0.024853812530636787, 0.002784277545288205, 0.0, 0.028249870985746384, 0.03865094482898712, 0.020425016060471535, 0.036058343946933746, 0.03763272613286972, 0.029400940984487534, 0.0410151481628418, 0.06675597280263901, 0.10170798003673553, 0.01728683151304722, 0.020116550847887993, 0.03890004754066467, 0.03300759568810463, 0.028518589213490486, 0.09567344188690186, 0.016786323860287666, 0.038516294211149216, 0.10799060016870499, 0.04714977368712425, 0.043744441121816635, 0.02132357284426689, 0.032380182296037674, 0.005076405592262745, 0.0013272142969071865, 0.02969750203192234, 0.029537590220570564, 0.07749003916978836, 0.1360681802034378, 0.01038426160812378, 0.024992620572447777, 0.09197813272476196, 0.06717700511217117, 0.00546789588406682, 0.05365622788667679, 0.04044630751013756, 0.03865140303969383, 0.015345648862421513, 0.027862071990966797, 0.035635676234960556, 0.10321718454360962, 0.01298897061496973, 0.011769895441830158, 0.033961787819862366, 0.010943510569632053, 0.02259809896349907, 0.023627685382962227, 0.016051487997174263, 0.050589874386787415, 0.0332283079624176, 0.04309799149632454, 0.11731500178575516, 0.039084918797016144, 0.034434765577316284, 0.03981144353747368, 0.12027536332607269, 0.03137015923857689, 0.02226351946592331, 0.03743673488497734, 0.017179418355226517, 0.014016841538250446, 0.02548188343644142, 0.011692628264427185, 0.022911997511982918, 0.016704877838492393, 0.0942157730460167, 0.047848641872406006, 0.023179585114121437, 0.05311453342437744, 0.003823481500148773, 0.03144974634051323, 0.017949163913726807, 0.032727014273405075, 0.08676702529191971, 0.0049368953332304955, 0.04001885652542114, 0.04494698345661163, 0.025873098522424698, 0.02356654405593872, 0.036591097712516785, 0.09043093025684357, 0.022804375737905502, 0.022717785090208054, 0.03221313655376434, 0.027523143216967583, 0.014635100029408932, 0.02801218256354332, 0.037421923130750656, 0.044649653136730194, 0.05660372972488403, 0.0055955443531274796, 0.01658780500292778, 0.0478501059114933, 0.08952939510345459, 0.016464300453662872, 0.03392844274640083, 0.016306525096297264, 0.02114092744886875, 0.013472958467900753, 0.020998604595661163, 0.005196740385144949, 0.013169335201382637, 0.06375274807214737, 0.04226203262805939, 0.009772098623216152, 0.05381564423441887, 0.012396791949868202, 0.01786772347986698, 0.01819351688027382, 0.012580674141645432, 0.029026171192526817, 0.04402553662657738, 0.12853705883026123, 0.00787859782576561, 0.01389865018427372, 0.03631287068128586, 0.012365922331809998, 0.09331927448511124, 0.057842906564474106, 0.025314930826425552, 0.030297866091132164, 0.022721625864505768, 0.023771192878484726, 0.014029513113200665, 0.012332288548350334, 0.02173837088048458, 0.008475120179355145, 0.021527238190174103, 0.003777898382395506, 0.024540778249502182, 0.021614667028188705, 0.09704246371984482, 0.029831159859895706, 0.05148208513855934, 0.0037087332457304, 0.051894355565309525, 0.040772005915641785, 0.00686991773545742, 0.02711043693125248, 0.047771722078323364, 0.03467593714594841, 0.008630196563899517, 0.007224192842841148, 0.060340337455272675, 0.027893874794244766, 0.035922981798648834, 0.01748533919453621, 0.03763766586780548, 0.020374858751893044, 0.02409348636865616, 0.03720211982727051, 0.01315999310463667, 0.009310407564043999, 0.01717645302414894, 0.04095672816038132, 0.013057908974587917, 0.004602027125656605, 0.053663626313209534, 0.0382247194647789, 0.016794659197330475, 0.11663229763507843, 0.01729707419872284, 0.04265521094202995, 0.04938288778066635, 0.012139085680246353, 0.0034799983259290457, 0.01581399329006672, 0.0800681933760643, 0.04942571744322777, 0.004148185718804598, 0.1236383318901062, 0.006357964593917131, 0.0962703600525856, 0.018842782825231552, 0.042830970138311386, 0.036049243062734604, 0.002594524994492531, 0.020519385114312172, 0.0395013801753521, 0.0220464039593935, 0.03851161152124405, 0.009332157671451569, 0.02682594768702984, 0.04610584303736687, 0.01483691856265068, 0.13149341940879822, 0.015871742740273476, 0.005161347333341837, 0.007084328215569258, 0.007828730158507824, 0.0354108102619648, 0.05130431801080704, 0.017631500959396362, 0.010333054699003696, 0.011034795083105564, 0.03706751763820648, 0.044938765466213226, 0.02071474865078926, 0.0790577083826065, 0.012065568007528782, 0.015632957220077515, 0.0751802995800972, 0.025475116446614265, 0.006940939929336309, 0.01332777738571167, 0.013302534818649292, 0.027987530454993248, 0.007167131640017033, 0.021182291209697723, 0.009327314794063568, 0.005020863376557827, 0.019107308238744736, 0.07229679822921753, 0.06326590478420258, 0.07551358640193939, 0.07863153517246246, 0.09141979366540909, 0.026922021061182022, 0.035725414752960205, 0.02532920613884926, 0.0769728496670723, 0.024424243718385696, 0.03262000158429146, 0.004440313670784235, 0.014775062911212444, 0.05580364540219307, 0.02699914015829563, 0.10692554712295532, 0.014355575665831566, 0.013628293760120869, 0.0631672665476799, 0.02137979306280613, 0.07833205908536911, 0.06715976446866989, 0.03624587133526802, 0.03274625912308693, 0.07758112996816635, 0.05812839791178703, 0.03165452927350998, 0.03792181238532066, 0.015947170555591583]	silver	t	moving	2026-05-14 20:40:26.015843+00	5	\N
359	نن٢٩٥٩	entry_pics/2026/05/14/image_X4huouh.jpg		2026-05-14 20:40:27.397104+00	\N	0.00	f	[0.05656731501221657, 0.014552384614944458, 0.028517747297883034, 0.03520522639155388, 0.02227158471941948, 0.03698856756091118, 0.017950210720300674, 0.030449576675891876, 0.02138225920498371, 0.021961383521556854, 0.014330961741507053, 0.07251738756895065, 0.040715113282203674, 0.04570670425891876, 0.04644158482551575, 0.012542152777314186, 0.11334767937660217, 0.07332480698823929, 0.01371296402066946, 0.012496266514062881, 0.030728165060281754, 0.006350924726575613, 0.11485829204320908, 0.043412696570158005, 0.006562368478626013, 0.051195379346609116, 0.07164885103702545, 0.022782081738114357, 0.037140216678380966, 0.029052158817648888, 0.022475194185972214, 0.035233575850725174, 0.019206836819648743, 0.021767783910036087, 0.02863968349993229, 0.025597628206014633, 0.05238030478358269, 0.05395114794373512, 0.045748356729745865, 0.02885916829109192, 0.0331670306622982, 0.019000012427568436, 0.019628673791885376, 0.08809706568717957, 0.004408903419971466, 0.019295834004878998, 0.008530127815902233, 0.08508951961994171, 0.03803247585892677, 0.029969319701194763, 0.023140331730246544, 0.028836796060204506, 0.013246339745819569, 0.03713131695985794, 0.07558128982782364, 0.03305206075310707, 0.032016582787036896, 0.026926858350634575, 0.0579112283885479, 0.032798584550619125, 0.03957100212574005, 0.036069996654987335, 0.02259119786322117, 0.05357823520898819, 0.019752398133277893, 0.020804157480597496, 0.005349832121282816, 0.020101206377148628, 0.06325630843639374, 0.016000758856534958, 0.09436672180891037, 0.13395196199417114, 0.026297997683286667, 0.023335909470915794, 0.00821719877421856, 0.004770039115101099, 0.0015975056448951364, 0.03753001242876053, 0.029665648937225342, 0.02091994695365429, 0.022763261571526527, 0.017255036160349846, 0.03487791866064072, 0.010668427683413029, 0.009489692747592926, 0.02513182908296585, 0.02131081558763981, 0.0388488806784153, 0.024206548929214478, 0.010204562917351723, 0.03801118582487106, 0.04428970441222191, 0.06685405224561691, 0.02750319242477417, 0.020016780123114586, 0.02138090319931507, 0.02539253793656826, 0.021580390632152557, 0.055453065782785416, 0.024372952058911324, 0.010909780859947205, 0.07042129337787628, 0.006458605639636517, 0.013595215044915676, 0.0343453586101532, 0.044234562665224075, 0.0041799284517765045, 0.021745989099144936, 0.017147665843367577, 0.05628739669919014, 0.03540265932679176, 0.07953926175832748, 0.027836505323648453, 0.06013114005327225, 0.029874108731746674, 0.05233817175030708, 0.024844111874699593, 0.017138781026005745, 0.05067935585975647, 0.02875048667192459, 0.04548974335193634, 0.01231246069073677, 0.1241624653339386, 0.02787129580974579, 0.02548382617533207, 0.08648539334535599, 0.005394559819251299, 0.013310028240084648, 0.03586885705590248, 0.030916500836610794, 0.013840654864907265, 0.025070341303944588, 0.013846595771610737, 0.01529117301106453, 0.07861221581697464, 0.028479699045419693, 0.03854331001639366, 0.006885000970214605, 0.026679472997784615, 0.009827958419919014, 0.07345771044492722, 0.09397021681070328, 0.005543443374335766, 0.022775253280997276, 0.02600112371146679, 0.024793053045868874, 0.01934409886598587, 0.03574097901582718, 0.01291524339467287, 0.014504662714898586, 0.022817671298980713, 0.015494724735617638, 0.06756806373596191, 0.06914839148521423, 0.03815387561917305, 0.05948277562856674, 0.037277739495038986, 0.12765350937843323, 0.025368647649884224, 0.032789990305900574, 0.04306602478027344, 0.010741864331066608, 0.03617049381136894, 0.01614958979189396, 0.002862723544239998, 0.03423885256052017, 0.15101656317710876, 0.05901891365647316, 0.01975942961871624, 0.032488711178302765, 0.004447552841156721, 0.021847378462553024, 0.065743088722229, 0.005379111040383577, 0.01422197837382555, 0.03797704353928566, 0.018480664119124413, 0.056990209966897964, 0.011801186017692089, 0.021070219576358795, 0.008974210359156132, 0.026291321963071823, 0.041729558259248734, 0.014797326177358627, 0.03287293389439583, 0.011653880588710308, 0.012204378843307495, 0.04387417808175087, 0.04158433899283409, 0.01010060589760542, 0.017090553417801857, 0.018891632556915283, 0.02935449220240116, 0.034928098320961, 0.040176138281822205, 0.03288429602980614, 0.016164058819413185, 0.017277754843235016, 0.12775248289108276, 0.010380420833826065, 0.007080125622451305, 0.03360040858387947, 0.05225813761353493, 0.04385516047477722, 0.020752741023898125, 0.0580538809299469, 0.033834926784038544, 0.019662732258439064, 0.09020347893238068, 0.0012890791986137629, 0.04545936733484268, 0.015299152582883835, 0.04063350334763527, 0.03906809538602829, 0.031738877296447754, 0.02779576927423477, 0.027514005079865456, 0.026792695745825768, 0.029521780088543892, 0.018529092893004417, 0.015575064346194267, 0.008724796585738659, 0.009684850461781025, 0.025051191449165344, 0.04434484243392944, 0.006942381616681814, 0.09444913268089294, 0.03639717027544975, 0.013342674821615219, 0.03200606629252434, 0.007614638656377792, 0.01419082935899496, 0.06933551281690598, 0.03807898610830307, 0.02996678464114666, 0.055827461183071136, 0.024975178763270378, 0.03793608024716377, 0.04310216009616852, 0.011005418375134468, 0.07526575773954391, 0.039322514086961746, 0.0392523817718029, 0.029069894924759865, 0.037470925599336624, 0.04437125474214554, 0.022198732942342758, 0.0474812276661396, 0.006437357049435377, 0.008827072568237782, 0.036879029124975204, 0.03704928234219551, 0.0031480221077799797, 0.07355064153671265, 0.04688756540417671, 0.021239768713712692, 0.05738365277647972, 0.01480479259043932, 0.08342766761779785, 0.02412506379187107, 0.010377489030361176, 0.026268694549798965, 0.019497182220220566, 0.027896707877516747, 0.010719642974436283, 0.012636158615350723, 0.04742303490638733, 0.03545093163847923, 0.011951074004173279, 0.023342590779066086, 0.011519402265548706, 0.002720469608902931, 0.03864649683237076, 0.05466771498322487, 0.002638746052980423, 0.032619018107652664, 0.016744431108236313, 0.034085921943187714, 0.03998715803027153, 0.04200305417180061, 0.13204365968704224, 0.01796393096446991, 0.03099348209798336, 0.05467792600393295, 0.03633606806397438, 0.03790232911705971, 0.08289629966020584, 0.007222552318125963, 0.027212928980588913, 0.06845206022262573, 0.05776172876358032, 0.06200125440955162, 0.0168913621455431, 0.012671129778027534, 0.006843014154583216, 0.005533940624445677, 0.02020113915205002, 0.020717933773994446, 0.06328438222408295, 0.10994552075862885, 0.027099179103970528, 0.014865678735077381, 0.06438829749822617, 0.037798427045345306, 0.004271671641618013, 0.043454259634017944, 0.04548180103302002, 0.022067463025450706, 0.01518985815346241, 0.03019699826836586, 0.03415246307849884, 0.10312683135271072, 0.006897767540067434, 0.01807844080030918, 0.04060736298561096, 0.013520335778594017, 0.02171536535024643, 0.018748173490166664, 0.021937290206551552, 0.0557972677052021, 0.029563989490270615, 0.033277176320552826, 0.06434092670679092, 0.02897629514336586, 0.040176719427108765, 0.03808416426181793, 0.17634214460849762, 0.02104783058166504, 0.044007085263729095, 0.02894442155957222, 0.015777194872498512, 0.006991810631006956, 0.041061531752347946, 0.011902655474841595, 0.019731145352125168, 0.025289496406912804, 0.040031079202890396, 0.028864622116088867, 0.025971146300435066, 0.04102825000882149, 0.037505678832530975, 0.020571036264300346, 0.018252266570925713, 0.03908076509833336, 0.05701074376702309, 0.0015486921183764935, 0.034742891788482666, 0.03254435956478119, 0.036169130355119705, 0.041720882058143616, 0.029020214453339577, 0.05161980539560318, 0.01993299275636673, 0.018986860290169716, 0.04460584372282028, 0.024938639253377914, 0.014720064587891102, 0.009368223138153553, 0.06055521219968796, 0.05628088116645813, 0.08499126881361008, 0.012776187621057034, 0.024023348465561867, 0.07733385264873505, 0.09699586033821106, 0.04159288480877876, 0.015735378488898277, 0.02399587817490101, 0.02975483052432537, 0.01041480340063572, 0.0071073053404688835, 0.008457223884761333, 0.017198676243424416, 0.02679804153740406, 0.04115751385688782, 0.006700555328279734, 0.04233495891094208, 0.028649069368839264, 0.02629282884299755, 0.01109714712947607, 0.01592146046459675, 0.03096676990389824, 0.030351517722010612, 0.1212867945432663, 0.013703906908631325, 0.010261910036206245, 0.01270291768014431, 0.015599141828715801, 0.12906450033187866, 0.02622576802968979, 0.02817898988723755, 0.024207811802625656, 0.06065347045660019, 0.06660125404596329, 0.024483609944581985, 0.016928255558013916, 0.0392918735742569, 0.026668298989534378, 0.03479296341538429, 0.035794902592897415, 0.008807913400232792, 0.02105618640780449, 0.07426907122135162, 0.038822297006845474, 0.04800298064947128, 0.003892499255016446, 0.047458164393901825, 0.018022941425442696, 0.008063394576311111, 0.025944815948605537, 0.06139649823307991, 0.04712080582976341, 0.012157902121543884, 0.007931403815746307, 0.03444894775748253, 0.030461786314845085, 0.02715052291750908, 0.01847536675632, 0.06640356779098511, 0.0230571161955595, 0.03650135546922684, 0.08768994361162186, 0.046383146196603775, 0.01230193767696619, 0.02771037630736828, 0.027376847341656685, 0.014798728749155998, 0.008173338137567043, 0.04253644123673439, 0.026889465749263763, 0.01715790666639805, 0.09663154929876328, 0.015012046322226524, 0.07090365886688232, 0.033651579171419144, 0.01855490356683731, 0.012181032449007034, 0.015007988549768925, 0.07033350318670273, 0.03152557089924812, 0.027804523706436157, 0.07686392217874527, 0.0035969060845673084, 0.08048522472381592, 0.015372698195278645, 0.03250747174024582, 0.061754874885082245, 0.020439207553863525, 0.011394666507840157, 0.013951960951089859, 0.02792675606906414, 0.08239676058292389, 0.005903370678424835, 0.021922264248132706, 0.016639459878206253, 0.031038805842399597, 0.13889186084270477, 0.03918149322271347, 0.003775358432903886, 0.010986149311065674, 0.009290985763072968, 0.033753909170627594, 0.04013868048787117, 0.0220566987991333, 0.012865991331636906, 0.017010647803544998, 0.03951409459114075, 0.05695080757141113, 0.009703454561531544, 0.06668893992900848, 0.027480976656079292, 0.007385881617665291, 0.09284108877182007, 0.019573314115405083, 0.017485395073890686, 0.023622341454029083, 0.019205229356884956, 0.027480723336338997, 0.01086833979934454, 0.03460942581295967, 0.018036505207419395, 0.007303246296942234, 0.013186533935368061, 0.06471987813711166, 0.05042622610926628, 0.060055211186409, 0.14337752759456635, 0.07848376035690308, 0.01151046808809042, 0.03670031204819679, 0.011321350000798702, 0.09337031841278076, 0.019239626824855804, 0.044878628104925156, 0.009644483216106892, 0.04193669185042381, 0.049749113619327545, 0.08165399730205536, 0.08515306562185287, 0.03401218354701996, 0.030800020322203636, 0.0444423109292984, 0.0394306443631649, 0.09017208963632584, 0.0732133761048317, 0.031824275851249695, 0.13463793694972992, 0.07860635221004486, 0.051133058965206146, 0.01825145073235035, 0.033562999218702316, 0.007260619197040796]	red	t	moving	2026-05-14 20:56:21.994059+00	2	\N
361	سأل٥٢١	entry_pics/2026/05/14/image_aohYUKF.jpg		2026-05-14 20:56:24.175335+00	\N	0.00	f	\N	brown	t	moving	2026-05-14 20:56:24.175414+00	1	\N
362	وى٧٦٦	entry_pics/2026/05/14/image_MjRPqWb.jpg		2026-05-14 20:56:29.777546+00	\N	0.00	f	\N	blue	t	moving	2026-05-14 20:56:29.77765+00	1	\N
360	طق٧أ١	entry_pics/2026/05/14/image_qfMBoP6.jpg		2026-05-14 20:56:15.699954+00	\N	0.00	f	[0.08236849308013916, 0.028638474643230438, 0.06078626587986946, 0.07804811000823975, 0.00313619920052588, 0.051235996186733246, 0.036921195685863495, 0.04135257750749588, 0.05572975054383278, 0.04420725628733635, 0.04547546058893204, 0.01572062261402607, 0.051429539918899536, 0.016089534386992455, 0.059385333210229874, 0.031565625220537186, 0.054034359753131866, 0.042144231498241425, 0.02650134265422821, 0.004672837443649769, 0.015183105133473873, 0.0023594291415065527, 0.05438101664185524, 0.04919153451919556, 0.004587213508784771, 0.055441178381443024, 0.058065127581357956, 0.025198057293891907, 0.06097741797566414, 0.01140156202018261, 0.052435293793678284, 0.012587334029376507, 0.04682217910885811, 0.03733960539102554, 0.036271363496780396, 0.027196528390049934, 0.038929760456085205, 0.07332339882850647, 0.036083389073610306, 0.02387351728975773, 0.0541498102247715, 0.03953764587640762, 0.006242674309760332, 0.05849618837237358, 0.017730841413140297, 0.021713661029934883, 0.04171517863869667, 0.11400282382965088, 0.05031302943825722, 0.02504679746925831, 0.04265629127621651, 0.028989536687731743, 0.024867743253707886, 0.010303781367838383, 0.10429397225379944, 0.03806828707456589, 0.02843826450407505, 0.07732602953910828, 0.02376491203904152, 0.02896117977797985, 0.04069257527589798, 0.06278733909130096, 0.03364803269505501, 0.012177287600934505, 0.03414872661232948, 0.026518499478697777, 0.028030412271618843, 0.05646008625626564, 0.04124590381979942, 0.06676531583070755, 0.09547947347164154, 0.033669739961624146, 0.052486393600702286, 0.02786511369049549, 0.04361826553940773, 0.02237306721508503, 0.004951861687004566, 0.06842111796140671, 0.031240396201610565, 0.0434655137360096, 0.053419340401887894, 0.03061908483505249, 0.0761006623506546, 0.03460992872714996, 0.01067469920963049, 0.015950210392475128, 0.03719792515039444, 0.01703881286084652, 0.04170360043644905, 0.02911609224975109, 0.028605610132217407, 0.03537870943546295, 0.06729404628276825, 0.02457587979733944, 0.030012885108590126, 0.02832101844251156, 0.03926430270075798, 0.013969996944069862, 0.023775285109877586, 0.03886597603559494, 0.010070771910250187, 0.0911128968000412, 0.021311426535248756, 0.009023839607834816, 0.039969976991415024, 0.09564891457557678, 0.018869420513510704, 0.022155821323394775, 0.025797046720981598, 0.03408290073275566, 0.017316607758402824, 0.02351224422454834, 0.0381336584687233, 0.0880763903260231, 0.012650995515286922, 0.06365034729242325, 0.048978041857481, 0.018908949568867683, 0.07330121099948883, 0.02885119989514351, 0.03713415190577507, 0.02367529459297657, 0.07626454532146454, 0.04018599912524223, 0.03054310940206051, 0.06062955781817436, 0.02934933267533779, 0.029991570860147476, 0.028030382469296455, 0.05206609517335892, 0.0127403624355793, 0.028966756537556648, 0.04422382637858391, 0.00826420821249485, 0.02884000726044178, 0.03544596582651138, 0.05368650704622269, 0.009277409873902798, 0.012851761654019356, 0.01986626349389553, 0.06151094660162926, 0.042374808341264725, 0.01412797998636961, 0.02982364408671856, 0.04951199144124985, 0.05223412066698074, 0.017220232635736465, 0.06070462614297867, 0.02167966030538082, 0.045577868819236755, 0.033097043633461, 0.07737033814191818, 0.06682920455932617, 0.03900538757443428, 0.03546427935361862, 0.08940406143665314, 0.06669749319553375, 0.056672122329473495, 0.03367625176906586, 0.051141489297151566, 0.012126918882131577, 0.012818386778235435, 0.015431149862706661, 0.03721209615468979, 0.009820562787353992, 0.027213100343942642, 0.039718057960271835, 0.036842554807662964, 0.08323024958372116, 0.011080954223871231, 0.011093797162175179, 0.04578043892979622, 0.10947451740503311, 0.03353476896882057, 0.00392894446849823, 0.028734901919960976, 0.019937625154852867, 0.0578940249979496, 0.03296034410595894, 0.03486930578947067, 0.047369830310344696, 0.05413111299276352, 0.07207026332616806, 0.011577595956623554, 0.03286496922373772, 0.014790024608373642, 0.02497788704931736, 0.0448642335832119, 0.05963748320937157, 0.006430065259337425, 0.03640749678015709, 0.009108001366257668, 0.025952592492103577, 0.03643389046192169, 0.03746601939201355, 0.03936661779880524, 0.05443129315972328, 0.037440866231918335, 0.049891576170921326, 0.012107945047318935, 0.02425508201122284, 0.04828092083334923, 0.09550024569034576, 0.02490239217877388, 0.027144839987158775, 0.036911413073539734, 0.022434378042817116, 0.027391212061047554, 0.029294705018401146, 0.010225051082670689, 0.028978388756513596, 0.02969067171216011, 0.04703185707330704, 0.01895429752767086, 0.040168825536966324, 0.018158452585339546, 0.01718943752348423, 0.03035987727344036, 0.039948444813489914, 0.04285791143774986, 0.01608339138329029, 0.010423103347420692, 0.02413303032517433, 0.04075508192181587, 0.0432949922978878, 0.026273779571056366, 0.038954079151153564, 0.03479837626218796, 0.011992332525551319, 0.039560142904520035, 0.04078153893351555, 0.022274905815720558, 0.03834274411201477, 0.04929981380701065, 0.043024756014347076, 0.01150204986333847, 0.03260758891701698, 0.051828041672706604, 0.027974406257271767, 0.030871376395225525, 0.040041517466306686, 0.04697845131158829, 0.03207504376769066, 0.028983663767576218, 0.06347984820604324, 0.05005159601569176, 0.010285798460245132, 0.03141646832227707, 0.02680230140686035, 0.02181686833500862, 0.044533271342515945, 0.043943677097558975, 0.007877327501773834, 0.018664231523871422, 0.03153878450393677, 0.039772700518369675, 0.04136547073721886, 0.02761497162282467, 0.0550350695848465, 0.014772748574614525, 0.0197022445499897, 0.02442878670990467, 0.02123827114701271, 0.0277798343449831, 0.027697119861841202, 0.006462321151047945, 0.03911055251955986, 0.042370039969682693, 0.015190845355391502, 0.05893108248710632, 0.01862196996808052, 0.010449348948895931, 0.07771901041269302, 0.050896331667900085, 0.03933664411306381, 0.051312871277332306, 0.019974740222096443, 0.015609106048941612, 0.04387134686112404, 0.02324925921857357, 0.03100309707224369, 0.023613423109054565, 0.02665725350379944, 0.039396923035383224, 0.028391947969794273, 0.030301976948976517, 0.02039387635886669, 0.033357299864292145, 0.03489302098751068, 0.06525004655122757, 0.05084341764450073, 0.0627831518650055, 0.040004923939704895, 0.07626969367265701, 0.015744661912322044, 0.009374450892210007, 0.016975196078419685, 0.09781192243099213, 0.05569102615118027, 0.16138170659542084, 0.02980024926364422, 0.018148327246308327, 0.09912557899951935, 0.07027648389339447, 0.013136666268110275, 0.05036479979753494, 0.023324258625507355, 0.01927242800593376, 0.04168632999062538, 0.016862692311406136, 0.043530456721782684, 0.11666330695152283, 0.012234189547598362, 0.018762467429041862, 0.043043263256549835, 0.01536833867430687, 0.022153561934828758, 0.022654131054878235, 0.015101859346032143, 0.0442705936729908, 0.02260596677660942, 0.03811894729733467, 0.09071987122297287, 0.021906716749072075, 0.04461546242237091, 0.043742623180150986, 0.015419579111039639, 0.029040483757853508, 0.0415225625038147, 0.05957327038049698, 0.015418651513755322, 0.02742845192551613, 0.030896833166480064, 0.03964944928884506, 0.01828046143054962, 0.047564778476953506, 0.06549952924251556, 0.02958672121167183, 0.024329649284482002, 0.05201230198144913, 0.023646431043744087, 0.022704478353261948, 0.033749066293239594, 0.07222593575716019, 0.09695358574390411, 0.011646514758467674, 0.030305491760373116, 0.03818400576710701, 0.010755473747849464, 0.0271125677973032, 0.08118068426847458, 0.041743241250514984, 0.026715166866779327, 0.06143977865576744, 0.09128058701753616, 0.04793936014175415, 0.01620633341372013, 0.01999727264046669, 0.02957933582365513, 0.03594955429434776, 0.07432601600885391, 0.01910080574452877, 0.02260734885931015, 0.03304154798388481, 0.048761721700429916, 0.016239255666732788, 0.02087489515542984, 0.02734595723450184, 0.005512666888535023, 0.01363399252295494, 0.023305127397179604, 0.007394244894385338, 0.037589896470308304, 0.04044750705361366, 0.020754393190145493, 0.01808784529566765, 0.03278777375817299, 0.011456738226115704, 0.029770316556096077, 0.03156638890504837, 0.02763783372938633, 0.02964494749903679, 0.027694134041666985, 0.1417161524295807, 0.012570477090775967, 0.0009264104883186519, 0.01812497340142727, 0.01834571361541748, 0.08174993097782135, 0.05552026629447937, 0.03319397196173668, 0.028632966801524162, 0.031613223254680634, 0.03961697593331337, 0.03344464302062988, 0.014882608316838741, 0.02467704378068447, 0.06699790060520172, 0.00919253472238779, 0.038380686193704605, 0.0213788952678442, 0.046708036214113235, 0.06566255539655685, 0.056334152817726135, 0.03619856387376785, 0.009417303837835789, 0.05087155103683472, 0.11265207082033157, 0.017880987375974655, 0.01750151440501213, 0.0704231932759285, 0.039453137665987015, 0.015109404921531677, 0.015317333862185478, 0.053648583590984344, 0.02969629317522049, 0.05589810386300087, 0.017224647104740143, 0.0436718724668026, 0.03113548830151558, 0.027392324060201645, 0.029550019651651382, 0.05524998530745506, 0.03428547829389572, 0.034764114767313004, 0.03030185028910637, 0.028264734894037247, 0.017418378964066505, 0.04007060453295708, 0.06324774026870728, 0.018551066517829895, 0.0518886037170887, 0.029900334775447845, 0.07613999396562576, 0.08102301508188248, 0.005946192890405655, 0.010392850264906883, 0.039386916905641556, 0.09003035724163055, 0.04326837509870529, 0.02660229243338108, 0.08349761366844177, 0.01717284321784973, 0.08620011061429977, 0.0534038320183754, 0.04696354642510414, 0.05069964751601219, 0.012545159086585045, 0.023050496354699135, 0.02492147497832775, 0.0463586263358593, 0.0068859257735311985, 0.011526104062795639, 0.03217816352844238, 0.058791883289813995, 0.021973442286252975, 0.08313331753015518, 0.043744005262851715, 0.015419131144881248, 0.03549698367714882, 0.04128791764378548, 0.1088152825832367, 0.03483308106660843, 0.01685032993555069, 0.02686934731900692, 0.02412867359817028, 0.029901059344410896, 0.07594656944274902, 0.007471224758774042, 0.07779710739850998, 0.01952442340552807, 0.012445757165551186, 0.04081408679485321, 0.026373233646154404, 0.032946620136499405, 0.03751206770539284, 0.03013969399034977, 0.029639001935720444, 0.017440911382436752, 0.031667742878198624, 0.04666092246770859, 0.006441518198698759, 0.018336331471800804, 0.07573351263999939, 0.10552876442670822, 0.04596050828695297, 0.03124937415122986, 0.08888603746891022, 0.03298148512840271, 0.03660614788532257, 0.058798059821128845, 0.08418064564466476, 0.012747237458825111, 0.0433654747903347, 0.009853793308138847, 0.013487117365002632, 0.04917466267943382, 0.05268658325076103, 0.06242155283689499, 0.04265061393380165, 0.029513629153370857, 0.04678759723901749, 0.03627149388194084, 0.08065775781869888, 0.04272163286805153, 0.029800603166222572, 0.03915926814079285, 0.06292181462049484, 0.06665123999118805, 0.03872986137866974, 0.023172536864876747, 0.028911994770169258]	white	t	moving	2026-05-14 20:56:30.271885+00	2	\N
\.


--
-- Name: auth_group_id_seq; Type: SEQUENCE SET; Schema: public; Owner: smart_user
--

SELECT pg_catalog.setval('public.auth_group_id_seq', 1, false);


--
-- Name: auth_group_permissions_id_seq; Type: SEQUENCE SET; Schema: public; Owner: smart_user
--

SELECT pg_catalog.setval('public.auth_group_permissions_id_seq', 1, false);


--
-- Name: auth_permission_id_seq; Type: SEQUENCE SET; Schema: public; Owner: smart_user
--

SELECT pg_catalog.setval('public.auth_permission_id_seq', 40, true);


--
-- Name: auth_user_groups_id_seq; Type: SEQUENCE SET; Schema: public; Owner: smart_user
--

SELECT pg_catalog.setval('public.auth_user_groups_id_seq', 1, false);


--
-- Name: auth_user_id_seq; Type: SEQUENCE SET; Schema: public; Owner: smart_user
--

SELECT pg_catalog.setval('public.auth_user_id_seq', 2, true);


--
-- Name: auth_user_user_permissions_id_seq; Type: SEQUENCE SET; Schema: public; Owner: smart_user
--

SELECT pg_catalog.setval('public.auth_user_user_permissions_id_seq', 1, false);


--
-- Name: django_admin_log_id_seq; Type: SEQUENCE SET; Schema: public; Owner: smart_user
--

SELECT pg_catalog.setval('public.django_admin_log_id_seq', 369, true);


--
-- Name: django_content_type_id_seq; Type: SEQUENCE SET; Schema: public; Owner: smart_user
--

SELECT pg_catalog.setval('public.django_content_type_id_seq', 10, true);


--
-- Name: django_migrations_id_seq; Type: SEQUENCE SET; Schema: public; Owner: smart_user
--

SELECT pg_catalog.setval('public.django_migrations_id_seq', 22, true);


--
-- Name: parking_camera_id_seq; Type: SEQUENCE SET; Schema: public; Owner: smart_user
--

SELECT pg_catalog.setval('public.parking_camera_id_seq', 9, true);


--
-- Name: parking_parkingslot_id_seq; Type: SEQUENCE SET; Schema: public; Owner: smart_user
--

SELECT pg_catalog.setval('public.parking_parkingslot_id_seq', 100, true);


--
-- Name: parking_reservation_id_seq; Type: SEQUENCE SET; Schema: public; Owner: smart_user
--

SELECT pg_catalog.setval('public.parking_reservation_id_seq', 7, true);


--
-- Name: parking_vehiclelog_id_seq; Type: SEQUENCE SET; Schema: public; Owner: smart_user
--

SELECT pg_catalog.setval('public.parking_vehiclelog_id_seq', 362, true);


--
-- Name: auth_group auth_group_name_key; Type: CONSTRAINT; Schema: public; Owner: smart_user
--

ALTER TABLE ONLY public.auth_group
    ADD CONSTRAINT auth_group_name_key UNIQUE (name);


--
-- Name: auth_group_permissions auth_group_permissions_group_id_permission_id_0cd325b0_uniq; Type: CONSTRAINT; Schema: public; Owner: smart_user
--

ALTER TABLE ONLY public.auth_group_permissions
    ADD CONSTRAINT auth_group_permissions_group_id_permission_id_0cd325b0_uniq UNIQUE (group_id, permission_id);


--
-- Name: auth_group_permissions auth_group_permissions_pkey; Type: CONSTRAINT; Schema: public; Owner: smart_user
--

ALTER TABLE ONLY public.auth_group_permissions
    ADD CONSTRAINT auth_group_permissions_pkey PRIMARY KEY (id);


--
-- Name: auth_group auth_group_pkey; Type: CONSTRAINT; Schema: public; Owner: smart_user
--

ALTER TABLE ONLY public.auth_group
    ADD CONSTRAINT auth_group_pkey PRIMARY KEY (id);


--
-- Name: auth_permission auth_permission_content_type_id_codename_01ab375a_uniq; Type: CONSTRAINT; Schema: public; Owner: smart_user
--

ALTER TABLE ONLY public.auth_permission
    ADD CONSTRAINT auth_permission_content_type_id_codename_01ab375a_uniq UNIQUE (content_type_id, codename);


--
-- Name: auth_permission auth_permission_pkey; Type: CONSTRAINT; Schema: public; Owner: smart_user
--

ALTER TABLE ONLY public.auth_permission
    ADD CONSTRAINT auth_permission_pkey PRIMARY KEY (id);


--
-- Name: auth_user_groups auth_user_groups_pkey; Type: CONSTRAINT; Schema: public; Owner: smart_user
--

ALTER TABLE ONLY public.auth_user_groups
    ADD CONSTRAINT auth_user_groups_pkey PRIMARY KEY (id);


--
-- Name: auth_user_groups auth_user_groups_user_id_group_id_94350c0c_uniq; Type: CONSTRAINT; Schema: public; Owner: smart_user
--

ALTER TABLE ONLY public.auth_user_groups
    ADD CONSTRAINT auth_user_groups_user_id_group_id_94350c0c_uniq UNIQUE (user_id, group_id);


--
-- Name: auth_user auth_user_pkey; Type: CONSTRAINT; Schema: public; Owner: smart_user
--

ALTER TABLE ONLY public.auth_user
    ADD CONSTRAINT auth_user_pkey PRIMARY KEY (id);


--
-- Name: auth_user_user_permissions auth_user_user_permissions_pkey; Type: CONSTRAINT; Schema: public; Owner: smart_user
--

ALTER TABLE ONLY public.auth_user_user_permissions
    ADD CONSTRAINT auth_user_user_permissions_pkey PRIMARY KEY (id);


--
-- Name: auth_user_user_permissions auth_user_user_permissions_user_id_permission_id_14a6b632_uniq; Type: CONSTRAINT; Schema: public; Owner: smart_user
--

ALTER TABLE ONLY public.auth_user_user_permissions
    ADD CONSTRAINT auth_user_user_permissions_user_id_permission_id_14a6b632_uniq UNIQUE (user_id, permission_id);


--
-- Name: auth_user auth_user_username_key; Type: CONSTRAINT; Schema: public; Owner: smart_user
--

ALTER TABLE ONLY public.auth_user
    ADD CONSTRAINT auth_user_username_key UNIQUE (username);


--
-- Name: django_admin_log django_admin_log_pkey; Type: CONSTRAINT; Schema: public; Owner: smart_user
--

ALTER TABLE ONLY public.django_admin_log
    ADD CONSTRAINT django_admin_log_pkey PRIMARY KEY (id);


--
-- Name: django_content_type django_content_type_app_label_model_76bd3d3b_uniq; Type: CONSTRAINT; Schema: public; Owner: smart_user
--

ALTER TABLE ONLY public.django_content_type
    ADD CONSTRAINT django_content_type_app_label_model_76bd3d3b_uniq UNIQUE (app_label, model);


--
-- Name: django_content_type django_content_type_pkey; Type: CONSTRAINT; Schema: public; Owner: smart_user
--

ALTER TABLE ONLY public.django_content_type
    ADD CONSTRAINT django_content_type_pkey PRIMARY KEY (id);


--
-- Name: django_migrations django_migrations_pkey; Type: CONSTRAINT; Schema: public; Owner: smart_user
--

ALTER TABLE ONLY public.django_migrations
    ADD CONSTRAINT django_migrations_pkey PRIMARY KEY (id);


--
-- Name: django_session django_session_pkey; Type: CONSTRAINT; Schema: public; Owner: smart_user
--

ALTER TABLE ONLY public.django_session
    ADD CONSTRAINT django_session_pkey PRIMARY KEY (session_key);


--
-- Name: parking_camera parking_camera_camera_id_key; Type: CONSTRAINT; Schema: public; Owner: smart_user
--

ALTER TABLE ONLY public.parking_camera
    ADD CONSTRAINT parking_camera_camera_id_key UNIQUE (camera_id);


--
-- Name: parking_camera parking_camera_pkey; Type: CONSTRAINT; Schema: public; Owner: smart_user
--

ALTER TABLE ONLY public.parking_camera
    ADD CONSTRAINT parking_camera_pkey PRIMARY KEY (id);


--
-- Name: parking_parkingslot parking_parkingslot_pkey; Type: CONSTRAINT; Schema: public; Owner: smart_user
--

ALTER TABLE ONLY public.parking_parkingslot
    ADD CONSTRAINT parking_parkingslot_pkey PRIMARY KEY (id);


--
-- Name: parking_parkingslot parking_parkingslot_slot_number_key; Type: CONSTRAINT; Schema: public; Owner: smart_user
--

ALTER TABLE ONLY public.parking_parkingslot
    ADD CONSTRAINT parking_parkingslot_slot_number_key UNIQUE (slot_number);


--
-- Name: parking_reservation parking_reservation_pkey; Type: CONSTRAINT; Schema: public; Owner: smart_user
--

ALTER TABLE ONLY public.parking_reservation
    ADD CONSTRAINT parking_reservation_pkey PRIMARY KEY (id);


--
-- Name: parking_reservation parking_reservation_reservation_code_key; Type: CONSTRAINT; Schema: public; Owner: smart_user
--

ALTER TABLE ONLY public.parking_reservation
    ADD CONSTRAINT parking_reservation_reservation_code_key UNIQUE (reservation_code);


--
-- Name: parking_vehiclelog parking_vehiclelog_pkey; Type: CONSTRAINT; Schema: public; Owner: smart_user
--

ALTER TABLE ONLY public.parking_vehiclelog
    ADD CONSTRAINT parking_vehiclelog_pkey PRIMARY KEY (id);


--
-- Name: auth_group_name_a6ea08ec_like; Type: INDEX; Schema: public; Owner: smart_user
--

CREATE INDEX auth_group_name_a6ea08ec_like ON public.auth_group USING btree (name varchar_pattern_ops);


--
-- Name: auth_group_permissions_group_id_b120cbf9; Type: INDEX; Schema: public; Owner: smart_user
--

CREATE INDEX auth_group_permissions_group_id_b120cbf9 ON public.auth_group_permissions USING btree (group_id);


--
-- Name: auth_group_permissions_permission_id_84c5c92e; Type: INDEX; Schema: public; Owner: smart_user
--

CREATE INDEX auth_group_permissions_permission_id_84c5c92e ON public.auth_group_permissions USING btree (permission_id);


--
-- Name: auth_permission_content_type_id_2f476e4b; Type: INDEX; Schema: public; Owner: smart_user
--

CREATE INDEX auth_permission_content_type_id_2f476e4b ON public.auth_permission USING btree (content_type_id);


--
-- Name: auth_user_groups_group_id_97559544; Type: INDEX; Schema: public; Owner: smart_user
--

CREATE INDEX auth_user_groups_group_id_97559544 ON public.auth_user_groups USING btree (group_id);


--
-- Name: auth_user_groups_user_id_6a12ed8b; Type: INDEX; Schema: public; Owner: smart_user
--

CREATE INDEX auth_user_groups_user_id_6a12ed8b ON public.auth_user_groups USING btree (user_id);


--
-- Name: auth_user_user_permissions_permission_id_1fbb5f2c; Type: INDEX; Schema: public; Owner: smart_user
--

CREATE INDEX auth_user_user_permissions_permission_id_1fbb5f2c ON public.auth_user_user_permissions USING btree (permission_id);


--
-- Name: auth_user_user_permissions_user_id_a95ead1b; Type: INDEX; Schema: public; Owner: smart_user
--

CREATE INDEX auth_user_user_permissions_user_id_a95ead1b ON public.auth_user_user_permissions USING btree (user_id);


--
-- Name: auth_user_username_6821ab7c_like; Type: INDEX; Schema: public; Owner: smart_user
--

CREATE INDEX auth_user_username_6821ab7c_like ON public.auth_user USING btree (username varchar_pattern_ops);


--
-- Name: django_admin_log_content_type_id_c4bce8eb; Type: INDEX; Schema: public; Owner: smart_user
--

CREATE INDEX django_admin_log_content_type_id_c4bce8eb ON public.django_admin_log USING btree (content_type_id);


--
-- Name: django_admin_log_user_id_c564eba6; Type: INDEX; Schema: public; Owner: smart_user
--

CREATE INDEX django_admin_log_user_id_c564eba6 ON public.django_admin_log USING btree (user_id);


--
-- Name: django_session_expire_date_a5c62663; Type: INDEX; Schema: public; Owner: smart_user
--

CREATE INDEX django_session_expire_date_a5c62663 ON public.django_session USING btree (expire_date);


--
-- Name: django_session_session_key_c0390e0f_like; Type: INDEX; Schema: public; Owner: smart_user
--

CREATE INDEX django_session_session_key_c0390e0f_like ON public.django_session USING btree (session_key varchar_pattern_ops);


--
-- Name: parking_camera_camera_id_74d23d7a_like; Type: INDEX; Schema: public; Owner: smart_user
--

CREATE INDEX parking_camera_camera_id_74d23d7a_like ON public.parking_camera USING btree (camera_id varchar_pattern_ops);


--
-- Name: parking_parkingslot_camera_id_3445ab3a; Type: INDEX; Schema: public; Owner: smart_user
--

CREATE INDEX parking_parkingslot_camera_id_3445ab3a ON public.parking_parkingslot USING btree (camera_id);


--
-- Name: parking_parkingslot_slot_number_51e85132_like; Type: INDEX; Schema: public; Owner: smart_user
--

CREATE INDEX parking_parkingslot_slot_number_51e85132_like ON public.parking_parkingslot USING btree (slot_number varchar_pattern_ops);


--
-- Name: parking_reservation_reservation_code_623eb126_like; Type: INDEX; Schema: public; Owner: smart_user
--

CREATE INDEX parking_reservation_reservation_code_623eb126_like ON public.parking_reservation USING btree (reservation_code varchar_pattern_ops);


--
-- Name: parking_reservation_slot_id_ee184420; Type: INDEX; Schema: public; Owner: smart_user
--

CREATE INDEX parking_reservation_slot_id_ee184420 ON public.parking_reservation USING btree (slot_id);


--
-- Name: parking_reservation_user_id_a998a6c7; Type: INDEX; Schema: public; Owner: smart_user
--

CREATE INDEX parking_reservation_user_id_a998a6c7 ON public.parking_reservation USING btree (user_id);


--
-- Name: parking_veh_is_insi_edde63_idx; Type: INDEX; Schema: public; Owner: smart_user
--

CREATE INDEX parking_veh_is_insi_edde63_idx ON public.parking_vehiclelog USING btree (is_inside, last_seen);


--
-- Name: parking_vehiclelog_last_camera_id_1f35a2b1; Type: INDEX; Schema: public; Owner: smart_user
--

CREATE INDEX parking_vehiclelog_last_camera_id_1f35a2b1 ON public.parking_vehiclelog USING btree (last_camera_id);


--
-- Name: parking_vehiclelog_slot_id_fd9ada89; Type: INDEX; Schema: public; Owner: smart_user
--

CREATE INDEX parking_vehiclelog_slot_id_fd9ada89 ON public.parking_vehiclelog USING btree (slot_id);


--
-- Name: auth_group_permissions auth_group_permissio_permission_id_84c5c92e_fk_auth_perm; Type: FK CONSTRAINT; Schema: public; Owner: smart_user
--

ALTER TABLE ONLY public.auth_group_permissions
    ADD CONSTRAINT auth_group_permissio_permission_id_84c5c92e_fk_auth_perm FOREIGN KEY (permission_id) REFERENCES public.auth_permission(id) DEFERRABLE INITIALLY DEFERRED;


--
-- Name: auth_group_permissions auth_group_permissions_group_id_b120cbf9_fk_auth_group_id; Type: FK CONSTRAINT; Schema: public; Owner: smart_user
--

ALTER TABLE ONLY public.auth_group_permissions
    ADD CONSTRAINT auth_group_permissions_group_id_b120cbf9_fk_auth_group_id FOREIGN KEY (group_id) REFERENCES public.auth_group(id) DEFERRABLE INITIALLY DEFERRED;


--
-- Name: auth_permission auth_permission_content_type_id_2f476e4b_fk_django_co; Type: FK CONSTRAINT; Schema: public; Owner: smart_user
--

ALTER TABLE ONLY public.auth_permission
    ADD CONSTRAINT auth_permission_content_type_id_2f476e4b_fk_django_co FOREIGN KEY (content_type_id) REFERENCES public.django_content_type(id) DEFERRABLE INITIALLY DEFERRED;


--
-- Name: auth_user_groups auth_user_groups_group_id_97559544_fk_auth_group_id; Type: FK CONSTRAINT; Schema: public; Owner: smart_user
--

ALTER TABLE ONLY public.auth_user_groups
    ADD CONSTRAINT auth_user_groups_group_id_97559544_fk_auth_group_id FOREIGN KEY (group_id) REFERENCES public.auth_group(id) DEFERRABLE INITIALLY DEFERRED;


--
-- Name: auth_user_groups auth_user_groups_user_id_6a12ed8b_fk_auth_user_id; Type: FK CONSTRAINT; Schema: public; Owner: smart_user
--

ALTER TABLE ONLY public.auth_user_groups
    ADD CONSTRAINT auth_user_groups_user_id_6a12ed8b_fk_auth_user_id FOREIGN KEY (user_id) REFERENCES public.auth_user(id) DEFERRABLE INITIALLY DEFERRED;


--
-- Name: auth_user_user_permissions auth_user_user_permi_permission_id_1fbb5f2c_fk_auth_perm; Type: FK CONSTRAINT; Schema: public; Owner: smart_user
--

ALTER TABLE ONLY public.auth_user_user_permissions
    ADD CONSTRAINT auth_user_user_permi_permission_id_1fbb5f2c_fk_auth_perm FOREIGN KEY (permission_id) REFERENCES public.auth_permission(id) DEFERRABLE INITIALLY DEFERRED;


--
-- Name: auth_user_user_permissions auth_user_user_permissions_user_id_a95ead1b_fk_auth_user_id; Type: FK CONSTRAINT; Schema: public; Owner: smart_user
--

ALTER TABLE ONLY public.auth_user_user_permissions
    ADD CONSTRAINT auth_user_user_permissions_user_id_a95ead1b_fk_auth_user_id FOREIGN KEY (user_id) REFERENCES public.auth_user(id) DEFERRABLE INITIALLY DEFERRED;


--
-- Name: django_admin_log django_admin_log_content_type_id_c4bce8eb_fk_django_co; Type: FK CONSTRAINT; Schema: public; Owner: smart_user
--

ALTER TABLE ONLY public.django_admin_log
    ADD CONSTRAINT django_admin_log_content_type_id_c4bce8eb_fk_django_co FOREIGN KEY (content_type_id) REFERENCES public.django_content_type(id) DEFERRABLE INITIALLY DEFERRED;


--
-- Name: django_admin_log django_admin_log_user_id_c564eba6_fk_auth_user_id; Type: FK CONSTRAINT; Schema: public; Owner: smart_user
--

ALTER TABLE ONLY public.django_admin_log
    ADD CONSTRAINT django_admin_log_user_id_c564eba6_fk_auth_user_id FOREIGN KEY (user_id) REFERENCES public.auth_user(id) DEFERRABLE INITIALLY DEFERRED;


--
-- Name: parking_parkingslot parking_parkingslot_camera_id_3445ab3a_fk_parking_camera_id; Type: FK CONSTRAINT; Schema: public; Owner: smart_user
--

ALTER TABLE ONLY public.parking_parkingslot
    ADD CONSTRAINT parking_parkingslot_camera_id_3445ab3a_fk_parking_camera_id FOREIGN KEY (camera_id) REFERENCES public.parking_camera(id) DEFERRABLE INITIALLY DEFERRED;


--
-- Name: parking_reservation parking_reservation_slot_id_ee184420_fk_parking_parkingslot_id; Type: FK CONSTRAINT; Schema: public; Owner: smart_user
--

ALTER TABLE ONLY public.parking_reservation
    ADD CONSTRAINT parking_reservation_slot_id_ee184420_fk_parking_parkingslot_id FOREIGN KEY (slot_id) REFERENCES public.parking_parkingslot(id) DEFERRABLE INITIALLY DEFERRED;


--
-- Name: parking_reservation parking_reservation_user_id_a998a6c7_fk_auth_user_id; Type: FK CONSTRAINT; Schema: public; Owner: smart_user
--

ALTER TABLE ONLY public.parking_reservation
    ADD CONSTRAINT parking_reservation_user_id_a998a6c7_fk_auth_user_id FOREIGN KEY (user_id) REFERENCES public.auth_user(id) DEFERRABLE INITIALLY DEFERRED;


--
-- Name: parking_vehiclelog parking_vehiclelog_last_camera_id_1f35a2b1_fk_parking_camera_id; Type: FK CONSTRAINT; Schema: public; Owner: smart_user
--

ALTER TABLE ONLY public.parking_vehiclelog
    ADD CONSTRAINT parking_vehiclelog_last_camera_id_1f35a2b1_fk_parking_camera_id FOREIGN KEY (last_camera_id) REFERENCES public.parking_camera(id) DEFERRABLE INITIALLY DEFERRED;


--
-- Name: parking_vehiclelog parking_vehiclelog_slot_id_fd9ada89_fk_parking_parkingslot_id; Type: FK CONSTRAINT; Schema: public; Owner: smart_user
--

ALTER TABLE ONLY public.parking_vehiclelog
    ADD CONSTRAINT parking_vehiclelog_slot_id_fd9ada89_fk_parking_parkingslot_id FOREIGN KEY (slot_id) REFERENCES public.parking_parkingslot(id) DEFERRABLE INITIALLY DEFERRED;


--
-- PostgreSQL database dump complete
--

\unrestrict 9qdWu9X87N1NGoT6zoxTcd1AMfT8e7t3yBdFwnnQJQAkGfU5PeEU1lwhvKDCZcB

